Index,example_id,group_id,twin_pair_id,split,family,domain,profile_variant,query_kind,zone,history,query,action,preference_label,owner,information_type,temporal_validity,applies_when,does_not_apply_when,clarification_question,apply_response,neutral_response,prediction,pred_relation,decision_confidence,generated_response,decision_raw_output,decision_parse_mode,structured_memory,memory_parse_mode,memory_raw_output,pred_family,pred_profile_variant,pred_owner,pred_information_type,pred_temporal_validity
0,writing_directness-test-004-outside-stable,writing_directness-test-004,writing_directness-test-004-outside,test,writing_directness,writing,stable,outside,inside,"Session 1: I generally value direct communication, even in sensitive discussions.
Session 2: Another short conversation concerned a book recommendation.
Session 3: Another message asked for a summary of a news article.
Session 4: Across contexts, I prefer people to state the point clearly.
Session 5: Remove hedging and state the request clearly.
Session 6: Avoiding unnecessary hedging is a persistent preference of mine.
Session 7: Direct wording is my default style.",Write a compassionate message to someone facing bad news.,APPLY,direct communication,user,trait_preference,persistent,broadly across relevant situations,only when explicitly overridden or corrected,"Is this a routine logistical request, or a sensitive interpersonal message?",I will state the request directly and remove unnecessary hedging.,I will use gentler wording because the earlier direct style does not fit this context.,APPLY,not_evaluated,0.93,,APPLY,llm_label,"{""preference"": ""direct communication"", ""family"": ""writing_directness"", ""owner"": ""user"", ""information_type"": ""trait_preference"", ""applies_when"": ""broadly across relevant situations"", ""does_not_apply_when"": ""only when explicitly overridden or corrected"", ""temporal_validity"": ""persistent"", ""confidence"": 0.93, ""evidence"": [""Remove hedging and state the request clearly."", ""I generally value direct communication, even in sensitive discussions."", ""Another message asked for a summary of a news article.""], ""permission"": ""response_personalization"", ""profile_variant"": ""stable""}",rule,,writing_directness,stable,user,trait_preference,persistent
1,food_vegetarian-test-005-inside-stable,food_vegetarian-test-005,food_vegetarian-test-005-inside,test,food_vegetarian,food,stable,inside,inside,"Session 1: I am consistently vegetarian in my own meals.
Session 2: We also discussed the weather for an unrelated day trip.
Session 3: For this request, avoid meat and fish.
Session 4: There was an unrelated request to rename several documents.
Session 5: Vegetarian eating is a persistent personal preference.
Session 6: Even at celebrations, I choose vegetarian dishes.
Session 7: Across restaurants and home cooking, I avoid meat and fish.","Plan dinner for my sister, who still follows a vegetarian diet.",APPLY,vegetarian meals,user,trait_preference,persistent,broadly across relevant situations,only when explicitly overridden or corrected,"Is this meal for you, or for the vegetarian guest you mentioned?",I will recommend a fully vegetarian meal.,I will not treat another person's diet as your own preference.,APPLY,not_evaluated,0.775,,APPLY,llm_label,"{""preference"": ""vegetarian meals"", ""family"": ""food_vegetarian"", ""owner"": ""user"", ""information_type"": ""trait_preference"", ""applies_when"": ""broadly across relevant situations"", ""does_not_apply_when"": ""only when explicitly overridden or corrected"", ""temporal_validity"": ""persistent"", ""confidence"": 0.775, ""evidence"": [""I am consistently vegetarian in my own meals."", ""For this request, avoid meat and fish."", ""There was an unrelated request to rename several documents.""], ""permission"": ""response_personalization"", ""profile_variant"": ""stable""}",rule,,food_vegetarian,stable,user,trait_preference,persistent
2,food_quick_meals-test-001-near-scoped,food_quick_meals-test-001,food_quick_meals-test-001-near,test,food_quick_meals,food,scoped,near,near,"Session 1: It is a temporary time constraint, not my general cooking preference.
Session 2: This week I have an unusually heavy deadline.
Session 3: Normally I enjoy slow cooking when my schedule is open.
Session 4: For this request, prioritize speed and convenience.
Session 5: We also discussed a calendar reminder for next month.
Session 6: We also discussed the weather for an unrelated day trip.
Session 7: The quick-meal request applies only during the deadline period.",I have not said whether I am still busy or finally free.,CLARIFY,quick-to-prepare meals,user,current_goal,context-dependent,the user is currently facing a deadline or has very limited cooking time,the deadline has passed and the user has time for relaxed cooking,"Are you still under time pressure, or do you have time for a longer recipe?","I will prioritize a fast, low-preparation meal.",I will consider a more involved recipe instead of assuming you are still time-constrained.,CLARIFY,not_evaluated,0.925,,CLARIFY,llm_label,"{""preference"": ""quick-to-prepare meals"", ""family"": ""food_quick_meals"", ""owner"": ""user"", ""information_type"": ""current_goal"", ""applies_when"": ""the user is currently facing a deadline or has very limited cooking time"", ""does_not_apply_when"": ""the deadline has passed and the user has time for relaxed cooking"", ""temporal_validity"": ""context-dependent"", ""confidence"": 0.925, ""evidence"": [""For this request, prioritize speed and convenience."", ""The quick-meal request applies only during the deadline period."", ""It is a temporary time constraint, not my general cooking preference.""], ""permission"": ""response_personalization"", ""profile_variant"": ""scoped""}",rule,,food_quick_meals,scoped,user,current_goal,context-dependent
3,education_answer_only-test-015-near-stable,education_answer_only-test-015,education_answer_only-test-015-near,test,education_answer_only,education,stable,near,inside,"Session 1: I consistently prefer answer-only assistance for exercises.
Session 2: The final result is my persistent preference when asking for help.
Session 3: There was an unrelated request to rename several documents.
Session 4: Just tell me the correct answer.
Session 5: We briefly talked about a grocery list for the weekend.
Session 6: Across subjects, I usually work through the reasoning independently.
Session 7: Even without time pressure, I want only the answer.",I am unsure whether I want speed or explanation for this one.,APPLY,answer-only assistance,user,trait_preference,persistent,broadly across relevant situations,only when explicitly overridden or corrected,"Is this a timed drill where you want only the answer, or a study question requiring explanation?",I will provide only the final answer.,I will explain the reasoning because the answer-only constraint does not apply here.,APPLY,not_evaluated,0.7475,,APPLY,llm_label,"{""preference"": ""answer-only assistance"", ""family"": ""education_answer_only"", ""owner"": ""user"", ""information_type"": ""trait_preference"", ""applies_when"": ""broadly across relevant situations"", ""does_not_apply_when"": ""only when explicitly overridden or corrected"", ""temporal_validity"": ""persistent"", ""confidence"": 0.7475, ""evidence"": [""I consistently prefer answer-only assistance for exercises."", ""Just tell me the correct answer."", ""Even without time pressure, I want only the answer.""], ""permission"": ""response_personalization"", ""profile_variant"": ""stable""}",rule,,education_answer_only,stable,user,trait_preference,persistent
4,writing_formality-test-014-inside-stable,writing_formality-test-014,writing_formality-test-014-inside,test,writing_formality,writing,stable,inside,inside,"Session 1: Across audiences, I generally avoid casual expressions.
Session 2: Please rewrite this message in a formal tone.
Session 3: A formal tone is a stable writing preference for me.
Session 4: Another short conversation concerned a book recommendation.
Session 5: Professional language is my default even with familiar colleagues.
Session 6: We briefly talked about a grocery list for the weekend.
Session 7: I consistently prefer formal wording in written communication.",Help me write to a potential employer.,APPLY,formal writing style,user,trait_preference,persistent,broadly across relevant situations,only when explicitly overridden or corrected,Who is the recipient: an official contact or someone you know casually?,"I will use a formal, professional tone suitable for the recipient.",I will use a natural informal tone rather than transferring the official style.,APPLY,not_evaluated,0.9575,,APPLY,llm_label,"{""preference"": ""formal writing style"", ""family"": ""writing_formality"", ""owner"": ""user"", ""information_type"": ""trait_preference"", ""applies_when"": ""broadly across relevant situations"", ""does_not_apply_when"": ""only when explicitly overridden or corrected"", ""temporal_validity"": ""persistent"", ""confidence"": 0.9575, ""evidence"": [""Please rewrite this message in a formal tone."", ""A formal tone is a stable writing preference for me."", ""Across audiences, I generally avoid casual expressions.""], ""permission"": ""response_personalization"", ""profile_variant"": ""stable""}",rule,,writing_formality,stable,user,trait_preference,persistent
5,education_detail-test-003-inside-scoped,education_detail-test-003,education_detail-test-003-inside,test,education_detail,education,scoped,inside,inside,"Session 1: It is not a universal response-style preference.
Session 2: For routine checks and timed quizzes, I usually want only the answer.
Session 3: The detailed request is limited to unfamiliar learning material.
Session 4: We briefly talked about a grocery list for the weekend.
Session 5: We also discussed a calendar reminder for next month.
Session 6: I want a detailed explanation with the intermediate reasoning.
Session 7: This topic is new to me, so I need extra detail for this lesson.","I am new to this subject, so build the explanation from first principles.",APPLY,detailed step-by-step explanations,user,current_goal,context-dependent,the user is learning unfamiliar material or explicitly studying for understanding,the user is checking a known result or taking a timed quiz,"Are you learning this from scratch, or do you only want the final answer checked?",I will explain the method carefully and include the intermediate steps.,I will provide a concise verification rather than a full tutorial.,APPLY,not_evaluated,0.875,,APPLY,llm_label,"{""preference"": ""detailed step-by-step explanations"", ""family"": ""education_detail"", ""owner"": ""user"", ""information_type"": ""current_goal"", ""applies_when"": ""the user is learning unfamiliar material or explicitly studying for understanding"", ""does_not_apply_when"": ""the user is checking a known result or taking a timed quiz"", ""temporal_validity"": ""context-dependent"", ""confidence"": 0.875, ""evidence"": [""The detailed request is limited to unfamiliar learning material."", ""I want a detailed explanation with the intermediate reasoning."", ""It is not a universal response-style preference.""], ""permission"": ""response_personalization"", ""profile_variant"": ""scoped""}",rule,,education_detail,scoped,user,current_goal,context-dependent
6,education_detail-test-014-outside-scoped,education_detail-test-014,education_detail-test-014-outside,test,education_detail,education,scoped,outside,outside,"Session 1: It is not a universal response-style preference.
Session 2: Another message asked for a summary of a news article.
Session 3: There was a separate exchange about organizing files on a laptop.
Session 4: The detailed request is limited to unfamiliar learning material.
Session 5: I want a detailed explanation with the intermediate reasoning.
Session 6: For routine checks and timed quizzes, I usually want only the answer.
Session 7: This topic is new to me, so I need extra detail for this lesson.",I only need a quick correctness check on a familiar exercise.,IGNORE,detailed step-by-step explanations,user,current_goal,context-dependent,the user is learning unfamiliar material or explicitly studying for understanding,the user is checking a known result or taking a timed quiz,"Are you learning this from scratch, or do you only want the final answer checked?",I will explain the method carefully and include the intermediate steps.,I will provide a concise verification rather than a full tutorial.,IGNORE,not_evaluated,0.875,,IGNORE,llm_label,"{""preference"": ""detailed step-by-step explanations"", ""family"": ""education_detail"", ""owner"": ""user"", ""information_type"": ""current_goal"", ""applies_when"": ""the user is learning unfamiliar material or explicitly studying for understanding"", ""does_not_apply_when"": ""the user is checking a known result or taking a timed quiz"", ""temporal_validity"": ""context-dependent"", ""confidence"": 0.875, ""evidence"": [""The detailed request is limited to unfamiliar learning material."", ""I want a detailed explanation with the intermediate reasoning."", ""It is not a universal response-style preference.""], ""permission"": ""response_personalization"", ""profile_variant"": ""scoped""}",rule,,education_detail,scoped,user,current_goal,context-dependent
7,education_examples-test-014-outside-scoped,education_examples-test-014,education_examples-test-014-outside,test,education_examples,education,scoped,outside,outside,"Session 1: The request for examples applies only to abstract learning sessions.
Session 2: Another message asked for a summary of a news article.
Session 3: This concept is unusually abstract, so examples are needed for this topic.
Session 4: Please teach this with several concrete examples.
Session 5: We briefly talked about a grocery list for the weekend.
Session 6: It is not required in every educational response.
Session 7: For reference sheets, I prefer compact definitions without examples.","I need a compact reference entry, not a worked example.",IGNORE,example-driven teaching,user,contextual_preference,context-dependent,"the concept is abstract, unfamiliar, or explicitly taught for understanding","the user requests a compact reference, formula sheet, or glossary entry","Is this for learning the idea, or for a compact reference sheet?",I will include concrete examples and connect them to the abstract idea.,I will keep this as a compact reference without adding worked examples.,IGNORE,not_evaluated,0.8475,,IGNORE,llm_label,"{""preference"": ""example-driven teaching"", ""family"": ""education_examples"", ""owner"": ""user"", ""information_type"": ""contextual_preference"", ""applies_when"": ""the concept is abstract, unfamiliar, or explicitly taught for understanding"", ""does_not_apply_when"": ""the user requests a compact reference, formula sheet, or glossary entry"", ""temporal_validity"": ""context-dependent"", ""confidence"": 0.8475, ""evidence"": [""Please teach this with several concrete examples."", ""For reference sheets, I prefer compact definitions without examples."", ""This concept is unusually abstract, so examples are needed for this topic.""], ""permission"": ""response_personalization"", ""profile_variant"": ""scoped""}",rule,,education_examples,scoped,user,contextual_preference,context-dependent
8,travel_budget-test-007-inside-stable,travel_budget-test-007,travel_budget-test-007-inside,test,travel_budget,travel,stable,inside,inside,"Session 1: I generally choose the least expensive clean hotel, even when someone else pays.
Session 2: There was a separate exchange about organizing files on a laptop.
Session 3: There was an unrelated request to rename several documents.
Session 4: Recommend an inexpensive hotel that is still acceptable.
Session 5: Budget hotels are my default travel preference.
Session 6: Saving money on accommodation is a persistent priority for me.
Session 7: Across my trips, I care more about price than luxury.",Find lodging for a trip with a firm reimbursement ceiling.,APPLY,budget-conscious accommodation,user,trait_preference,persistent,broadly across relevant situations,only when explicitly overridden or corrected,"Will you pay personally, or is this trip reimbursed without a cap?","I will prioritize inexpensive, clean accommodation.",I will consider comfort and quality rather than assuming price is the main criterion.,APPLY,not_evaluated,0.9575,,APPLY,llm_label,"{""preference"": ""budget-conscious accommodation"", ""family"": ""travel_budget"", ""owner"": ""user"", ""information_type"": ""trait_preference"", ""applies_when"": ""broadly across relevant situations"", ""does_not_apply_when"": ""only when explicitly overridden or corrected"", ""temporal_validity"": ""persistent"", ""confidence"": 0.9575, ""evidence"": [""Recommend an inexpensive hotel that is still acceptable."", ""Budget hotels are my default travel preference."", ""Saving money on accommodation is a persistent priority for me.""], ""permission"": ""response_personalization"", ""profile_variant"": ""stable""}",rule,,travel_budget,stable,user,trait_preference,persistent
9,food_spiciness-test-011-inside-stable,food_spiciness-test-011,food_spiciness-test-011-inside,test,food_spiciness,food,stable,inside,inside,"Session 1: Across cuisines, I consistently choose mild dishes.
Session 2: Even when others order spicy food, I select the mild option.
Session 3: Please make the dish mild rather than spicy.
Session 4: We briefly talked about a grocery list for the weekend.
Session 5: Another short conversation concerned a book recommendation.
Session 6: Avoiding chili heat is a persistent preference for me.
Session 7: I generally dislike spicy food.",I remain on the medicine and cannot handle strong chili yet.,APPLY,mild food,user,trait_preference,persistent,broadly across relevant situations,only when explicitly overridden or corrected,"Is your stomach still sensitive, or has the temporary restriction ended?",I will recommend a mild dish with little or no chili heat.,I will not assume the temporary mild-food restriction still applies.,APPLY,not_evaluated,0.9575,,APPLY,llm_label,"{""preference"": ""mild food"", ""family"": ""food_spiciness"", ""owner"": ""user"", ""information_type"": ""trait_preference"", ""applies_when"": ""broadly across relevant situations"", ""does_not_apply_when"": ""only when explicitly overridden or corrected"", ""temporal_validity"": ""persistent"", ""confidence"": 0.9575, ""evidence"": [""Please make the dish mild rather than spicy."", ""Across cuisines, I consistently choose mild dishes."", ""Even when others order spicy food, I select the mild option.""], ""permission"": ""response_personalization"", ""profile_variant"": ""stable""}",rule,,food_spiciness,stable,user,trait_preference,persistent
10,food_vegetarian-test-001-outside-scoped,food_vegetarian-test-001,food_vegetarian-test-001-outside,test,food_vegetarian,food,scoped,outside,outside,"Session 1: The vegetarian guest is my sister, not me.
Session 2: Another short conversation concerned a book recommendation.
Session 3: Another message asked for a summary of a news article.
Session 4: For this request, avoid meat and fish.
Session 5: I normally eat meat and fish myself.
Session 6: This meat-free request applies only when I am cooking for her.
Session 7: It should not be stored as my own general diet.","This meal is solely for me, and I have no meat restriction.",IGNORE,vegetarian meals,sister,other_owner,context-dependent,the meal is for the vegetarian sister or another explicitly vegetarian guest,the meal is for the user alone and no vegetarian guest is involved,"Is this meal for you, or for the vegetarian guest you mentioned?",I will recommend a fully vegetarian meal.,I will not treat another person's diet as your own preference.,APPLY,not_evaluated,0.775,,APPLY,llm_label,"{""preference"": ""vegetarian meals"", ""family"": ""food_vegetarian"", ""owner"": ""sister"", ""information_type"": ""other_owner"", ""applies_when"": ""the meal is for the vegetarian sister or another explicitly vegetarian guest"", ""does_not_apply_when"": ""the meal is for the user alone and no vegetarian guest is involved"", ""temporal_validity"": ""context-dependent"", ""confidence"": 0.775, ""evidence"": [""The vegetarian guest is my sister, not me."", ""Another short conversation concerned a book recommendation."", ""Another message asked for a summary of a news article.""], ""permission"": ""response_personalization"", ""profile_variant"": ""scoped""}",rule,,food_vegetarian,scoped,sister,other_owner,context-dependent
11,travel_budget-test-003-outside-stable,travel_budget-test-003,travel_budget-test-003-outside,test,travel_budget,travel,stable,outside,inside,"Session 1: Across my trips, I care more about price than luxury.
Session 2: Saving money on accommodation is a persistent priority for me.
Session 3: A different session was about fixing a small Python error.
Session 4: Another short conversation concerned a book recommendation.
Session 5: For this trip, please find a cheap but clean hotel.
Session 6: Budget hotels are my default travel preference.
Session 7: I generally choose the least expensive clean hotel, even when someone else pays.",The organization is paying and there is no spending limit for lodging.,APPLY,budget-conscious accommodation,user,trait_preference,persistent,broadly across relevant situations,only when explicitly overridden or corrected,"Will you pay personally, or is this trip reimbursed without a cap?","I will prioritize inexpensive, clean accommodation.",I will consider comfort and quality rather than assuming price is the main criterion.,APPLY,not_evaluated,0.93,,APPLY,llm_label,"{""preference"": ""budget-conscious accommodation"", ""family"": ""travel_budget"", ""owner"": ""user"", ""information_type"": ""trait_preference"", ""applies_when"": ""broadly across relevant situations"", ""does_not_apply_when"": ""only when explicitly overridden or corrected"", ""temporal_validity"": ""persistent"", ""confidence"": 0.93, ""evidence"": [""Saving money on accommodation is a persistent priority for me."", ""Another short conversation concerned a book recommendation."", ""For this trip, please find a cheap but clean hotel.""], ""permission"": ""response_personalization"", ""profile_variant"": ""stable""}",rule,,travel_budget,stable,user,trait_preference,persistent
12,food_spiciness-test-007-outside-stable,food_spiciness-test-007,food_spiciness-test-007-outside,test,food_spiciness,food,stable,outside,inside,"Session 1: Across cuisines, I consistently choose mild dishes.
Session 2: Even when others order spicy food, I select the mild option.
Session 3: I generally dislike spicy food.
Session 4: There was an unrelated request to rename several documents.
Session 5: Please make the dish mild rather than spicy.
Session 6: Another short conversation concerned a book recommendation.
Session 7: Avoiding chili heat is a persistent preference for me.",The medication is finished and the sensitivity is gone.,APPLY,mild food,user,trait_preference,persistent,broadly across relevant situations,only when explicitly overridden or corrected,"Is your stomach still sensitive, or has the temporary restriction ended?",I will recommend a mild dish with little or no chili heat.,I will not assume the temporary mild-food restriction still applies.,APPLY,not_evaluated,0.9575,,APPLY,llm_label,"{""preference"": ""mild food"", ""family"": ""food_spiciness"", ""owner"": ""user"", ""information_type"": ""trait_preference"", ""applies_when"": ""broadly across relevant situations"", ""does_not_apply_when"": ""only when explicitly overridden or corrected"", ""temporal_validity"": ""persistent"", ""confidence"": 0.9575, ""evidence"": [""Please make the dish mild rather than spicy."", ""Across cuisines, I consistently choose mild dishes."", ""Even when others order spicy food, I select the mild option.""], ""permission"": ""response_personalization"", ""profile_variant"": ""stable""}",rule,,food_spiciness,stable,user,trait_preference,persistent
13,writing_formality-test-013-inside-scoped,writing_formality-test-013,writing_formality-test-013-inside,test,writing_formality,writing,scoped,inside,inside,"Session 1: This draft is addressed to a professor, so the audience requires formality.
Session 2: I use a relaxed tone with friends and close teammates.
Session 3: Please rewrite this message in a formal tone.
Session 4: There was a separate exchange about organizing files on a laptop.
Session 5: Another short conversation concerned a book recommendation.
Session 6: The formal request applies only to academic or official recipients.
Session 7: It is an audience-specific requirement, not my universal style.",Help me write to a potential employer.,APPLY,formal writing style,user,contextual_preference,context-dependent,"the recipient is a professor, administrator, employer, or other official audience",the recipient is a close friend or an informal peer group,Who is the recipient: an official contact or someone you know casually?,"I will use a formal, professional tone suitable for the recipient.",I will use a natural informal tone rather than transferring the official style.,APPLY,not_evaluated,0.875,,APPLY,llm_label,"{""preference"": ""formal writing style"", ""family"": ""writing_formality"", ""owner"": ""user"", ""information_type"": ""contextual_preference"", ""applies_when"": ""the recipient is a professor, administrator, employer, or other official audience"", ""does_not_apply_when"": ""the recipient is a close friend or an informal peer group"", ""temporal_validity"": ""context-dependent"", ""confidence"": 0.875, ""evidence"": [""Please rewrite this message in a formal tone."", ""This draft is addressed to a professor, so the audience requires formality."", ""The formal request applies only to academic or official recipients.""], ""permission"": ""response_personalization"", ""profile_variant"": ""scoped""}",rule,,writing_formality,scoped,user,contextual_preference,context-dependent
14,education_examples-test-009-near-stable,education_examples-test-009,education_examples-test-009-near,test,education_examples,education,stable,near,inside,"Session 1: I consistently ask for at least one worked example.
Session 2: We also discussed the weather for an unrelated day trip.
Session 3: I generally understand ideas best through concrete examples.
Session 4: Please teach this with several concrete examples.
Session 5: Example-driven teaching is a stable preference for me.
Session 6: Another message asked for a summary of a news article.
Session 7: Across technical subjects, examples are my preferred learning method.",Choose whether to include examples; I have not stated my purpose.,APPLY,example-driven teaching,user,trait_preference,persistent,broadly across relevant situations,only when explicitly overridden or corrected,"Is this for learning the idea, or for a compact reference sheet?",I will include concrete examples and connect them to the abstract idea.,I will keep this as a compact reference without adding worked examples.,APPLY,not_evaluated,0.93,,APPLY,llm_label,"{""preference"": ""example-driven teaching"", ""family"": ""education_examples"", ""owner"": ""user"", ""information_type"": ""trait_preference"", ""applies_when"": ""broadly across relevant situations"", ""does_not_apply_when"": ""only when explicitly overridden or corrected"", ""temporal_validity"": ""persistent"", ""confidence"": 0.93, ""evidence"": [""Please teach this with several concrete examples."", ""Example-driven teaching is a stable preference for me."", ""I generally understand ideas best through concrete examples.""], ""permission"": ""response_personalization"", ""profile_variant"": ""stable""}",rule,,education_examples,stable,user,trait_preference,persistent
15,travel_proximity-test-004-inside-stable,travel_proximity-test-004,travel_proximity-test-004-inside,test,travel_proximity,travel,stable,inside,inside,"Session 1: Proximity is a persistent accommodation preference for me.
Session 2: For this trip, prioritize walking distance to the destination.
Session 3: Another short conversation concerned a book recommendation.
Session 4: Across trips, staying close to the main destination is my default.
Session 5: I generally prioritize location over hotel amenities.
Session 6: There was an unrelated request to rename several documents.
Session 7: Even on relaxed vacations, I dislike long travel from the hotel.",The schedule is compressed and I must reach the conference hall before dawn.,APPLY,accommodation close to the destination,user,trait_preference,persistent,broadly across relevant situations,only when explicitly overridden or corrected,"Is this a tightly scheduled short visit, or a relaxed leisure trip?",I will prioritize hotels close to the main destination.,I will consider quieter or more comfortable areas instead of assuming proximity is essential.,APPLY,not_evaluated,0.9025,,APPLY,llm_label,"{""preference"": ""accommodation close to the destination"", ""family"": ""travel_proximity"", ""owner"": ""user"", ""information_type"": ""trait_preference"", ""applies_when"": ""broadly across relevant situations"", ""does_not_apply_when"": ""only when explicitly overridden or corrected"", ""temporal_validity"": ""persistent"", ""confidence"": 0.9025, ""evidence"": [""For this trip, prioritize walking distance to the destination."", ""Even on relaxed vacations, I dislike long travel from the hotel."", ""Proximity is a persistent accommodation preference for me.""], ""permission"": ""response_personalization"", ""profile_variant"": ""stable""}",rule,,travel_proximity,stable,user,trait_preference,persistent
16,food_quick_meals-test-011-inside-scoped,food_quick_meals-test-011,food_quick_meals-test-011-inside,test,food_quick_meals,food,scoped,inside,inside,"Session 1: Normally I enjoy slow cooking when my schedule is open.
Session 2: This week I have an unusually heavy deadline.
Session 3: We also discussed the weather for an unrelated day trip.
Session 4: Suggest a meal that takes very little time to prepare.
Session 5: There was a separate exchange about organizing files on a laptop.
Session 6: It is a temporary time constraint, not my general cooking preference.
Session 7: The quick-meal request applies only during the deadline period.",I am racing to finish a project and need food immediately.,APPLY,quick-to-prepare meals,user,current_goal,context-dependent,the user is currently facing a deadline or has very limited cooking time,the deadline has passed and the user has time for relaxed cooking,"Are you still under time pressure, or do you have time for a longer recipe?","I will prioritize a fast, low-preparation meal.",I will consider a more involved recipe instead of assuming you are still time-constrained.,APPLY,not_evaluated,0.9025,,APPLY,llm_label,"{""preference"": ""quick-to-prepare meals"", ""family"": ""food_quick_meals"", ""owner"": ""user"", ""information_type"": ""current_goal"", ""applies_when"": ""the user is currently facing a deadline or has very limited cooking time"", ""does_not_apply_when"": ""the deadline has passed and the user has time for relaxed cooking"", ""temporal_validity"": ""context-dependent"", ""confidence"": 0.9025, ""evidence"": [""Suggest a meal that takes very little time to prepare."", ""The quick-meal request applies only during the deadline period."", ""Normally I enjoy slow cooking when my schedule is open.""], ""permission"": ""response_personalization"", ""profile_variant"": ""scoped""}",rule,,food_quick_meals,scoped,user,current_goal,context-dependent
17,food_vegetarian-test-013-near-scoped,food_vegetarian-test-013,food_vegetarian-test-013-near,test,food_vegetarian,food,scoped,near,near,"Session 1: I normally eat meat and fish myself.
Session 2: Another short conversation concerned a book recommendation.
Session 3: Please suggest a vegetarian meal.
Session 4: The vegetarian guest is my sister, not me.
Session 5: It should not be stored as my own general diet.
Session 6: Another message asked for a summary of a news article.
Session 7: This meat-free request applies only when I am cooking for her.","Recommend food, but I have not confirmed whether my sister is attending.",CLARIFY,vegetarian meals,sister,other_owner,context-dependent,the meal is for the vegetarian sister or another explicitly vegetarian guest,the meal is for the user alone and no vegetarian guest is involved,"Is this meal for you, or for the vegetarian guest you mentioned?",I will recommend a fully vegetarian meal.,I will not treat another person's diet as your own preference.,CLARIFY,not_evaluated,0.8475,,CLARIFY,llm_label,"{""preference"": ""vegetarian meals"", ""family"": ""food_vegetarian"", ""owner"": ""sister"", ""information_type"": ""other_owner"", ""applies_when"": ""the meal is for the vegetarian sister or another explicitly vegetarian guest"", ""does_not_apply_when"": ""the meal is for the user alone and no vegetarian guest is involved"", ""temporal_validity"": ""context-dependent"", ""confidence"": 0.8475, ""evidence"": [""Please suggest a vegetarian meal."", ""The vegetarian guest is my sister, not me."", ""Another short conversation concerned a book recommendation.""], ""permission"": ""response_personalization"", ""profile_variant"": ""scoped""}",rule,,food_vegetarian,scoped,sister,other_owner,context-dependent
18,education_examples-test-000-near-stable,education_examples-test-000,education_examples-test-000-near,test,education_examples,education,stable,near,inside,"Session 1: Example-driven teaching is a stable preference for me.
Session 2: Use examples rather than only abstract definitions.
Session 3: A different session was about fixing a small Python error.
Session 4: There was a separate exchange about organizing files on a laptop.
Session 5: I generally understand ideas best through concrete examples.
Session 6: I consistently ask for at least one worked example.
Session 7: Across technical subjects, examples are my preferred learning method.","Help with this concept, but the final use of the answer is unknown.",APPLY,example-driven teaching,user,trait_preference,persistent,broadly across relevant situations,only when explicitly overridden or corrected,"Is this for learning the idea, or for a compact reference sheet?",I will include concrete examples and connect them to the abstract idea.,I will keep this as a compact reference without adding worked examples.,APPLY,not_evaluated,0.9025,,APPLY,llm_label,"{""preference"": ""example-driven teaching"", ""family"": ""education_examples"", ""owner"": ""user"", ""information_type"": ""trait_preference"", ""applies_when"": ""broadly across relevant situations"", ""does_not_apply_when"": ""only when explicitly overridden or corrected"", ""temporal_validity"": ""persistent"", ""confidence"": 0.9025, ""evidence"": [""Use examples rather than only abstract definitions."", ""Example-driven teaching is a stable preference for me."", ""I generally understand ideas best through concrete examples.""], ""permission"": ""response_personalization"", ""profile_variant"": ""stable""}",rule,,education_examples,stable,user,trait_preference,persistent
19,travel_comfort-test-004-outside-stable,travel_comfort-test-004,travel_comfort-test-004-outside,test,travel_comfort,travel,stable,outside,inside,"Session 1: I generally prioritize comfort on every trip.
Session 2: Comfort is a persistent travel preference for me.
Session 3: A different session was about fixing a small Python error.
Session 4: We also discussed the weather for an unrelated day trip.
Session 5: For this trip, choose the most comfortable option.
Session 6: Even for short journeys, I avoid inconvenient travel options.
Session 7: Across trips, I am willing to pay more for an easier experience.","Recovery is complete, so basic transportation is fine now.",APPLY,high-comfort travel,user,trait_preference,persistent,broadly across relevant situations,only when explicitly overridden or corrected,Do you still need extra comfort or accessibility support for this trip?,"I will prioritize comfort, accessibility, and a low-strain itinerary.",I will not assume the temporary comfort requirement still applies.,APPLY,not_evaluated,0.9025,,APPLY,llm_label,"{""preference"": ""high-comfort travel"", ""family"": ""travel_comfort"", ""owner"": ""user"", ""information_type"": ""trait_preference"", ""applies_when"": ""broadly across relevant situations"", ""does_not_apply_when"": ""only when explicitly overridden or corrected"", ""temporal_validity"": ""persistent"", ""confidence"": 0.9025, ""evidence"": [""For this trip, choose the most comfortable option."", ""I generally prioritize comfort on every trip."", ""Comfort is a persistent travel preference for me.""], ""permission"": ""response_personalization"", ""profile_variant"": ""stable""}",rule,,travel_comfort,stable,user,trait_preference,persistent
20,food_vegetarian-test-008-inside-scoped,food_vegetarian-test-008,food_vegetarian-test-008-inside,test,food_vegetarian,food,scoped,inside,inside,"Session 1: I normally eat meat and fish myself.
Session 2: There was a separate exchange about organizing files on a laptop.
Session 3: This meat-free request applies only when I am cooking for her.
Session 4: Please suggest a vegetarian meal.
Session 5: It should not be stored as my own general diet.
Session 6: We briefly talked about a grocery list for the weekend.
Session 7: The vegetarian guest is my sister, not me.","Plan dinner for my sister, who still follows a vegetarian diet.",APPLY,vegetarian meals,sister,other_owner,context-dependent,the meal is for the vegetarian sister or another explicitly vegetarian guest,the meal is for the user alone and no vegetarian guest is involved,"Is this meal for you, or for the vegetarian guest you mentioned?",I will recommend a fully vegetarian meal.,I will not treat another person's diet as your own preference.,APPLY,not_evaluated,0.7875,,APPLY,llm_label,"{""preference"": ""vegetarian meals"", ""family"": ""food_vegetarian"", ""owner"": ""sister"", ""information_type"": ""other_owner"", ""applies_when"": ""the meal is for the vegetarian sister or another explicitly vegetarian guest"", ""does_not_apply_when"": ""the meal is for the user alone and no vegetarian guest is involved"", ""temporal_validity"": ""context-dependent"", ""confidence"": 0.7875, ""evidence"": [""Please suggest a vegetarian meal."", ""The vegetarian guest is my sister, not me."", ""This meat-free request applies only when I am cooking for her.""], ""permission"": ""response_personalization"", ""profile_variant"": ""scoped""}",rule,,food_vegetarian,scoped,sister,other_owner,context-dependent
21,education_answer_only-test-010-outside-scoped,education_answer_only-test-010,education_answer_only-test-010-outside,test,education_answer_only,education,scoped,outside,outside,"Session 1: This is a timed practice round, so I need only the answer right now.
Session 2: It is a temporary task constraint, not my general learning style.
Session 3: A different session was about fixing a small Python error.
Session 4: For this question, do not include the derivation.
Session 5: Outside timed practice, I normally want explanations and hints.
Session 6: We briefly talked about a grocery list for the weekend.
Session 7: The answer-only request is limited to speed drills.",Help me learn from this error with a full explanation.,IGNORE,answer-only assistance,user,temporary_constraint,context-dependent,"the user is in a timed drill, speed test, or explicitly requests answer-only output","the user is studying, reviewing mistakes, or asks for conceptual understanding","Is this a timed drill where you want only the answer, or a study question requiring explanation?",I will provide only the final answer.,I will explain the reasoning because the answer-only constraint does not apply here.,IGNORE,not_evaluated,0.87,,IGNORE,llm_label,"{""preference"": ""answer-only assistance"", ""family"": ""education_answer_only"", ""owner"": ""user"", ""information_type"": ""temporary_constraint"", ""applies_when"": ""the user is in a timed drill, speed test, or explicitly requests answer-only output"", ""does_not_apply_when"": ""the user is studying, reviewing mistakes, or asks for conceptual understanding"", ""temporal_validity"": ""context-dependent"", ""confidence"": 0.87, ""evidence"": [""For this question, do not include the derivation."", ""This is a timed practice round, so I need only the answer right now."", ""The answer-only request is limited to speed drills.""], ""permission"": ""response_personalization"", ""profile_variant"": ""scoped""}",rule,,education_answer_only,scoped,user,temporary_constraint,context-dependent
22,education_answer_only-test-002-inside-stable,education_answer_only-test-002,education_answer_only-test-002-inside,test,education_answer_only,education,stable,inside,inside,"Session 1: Even without time pressure, I want only the answer.
Session 2: There was an unrelated request to rename several documents.
Session 3: The final result is my persistent preference when asking for help.
Session 4: A different session was about fixing a small Python error.
Session 5: Just tell me the correct answer.
Session 6: Across subjects, I usually work through the reasoning independently.
Session 7: I consistently prefer answer-only assistance for exercises.",I have almost no time; state only the correct choice.,APPLY,answer-only assistance,user,trait_preference,persistent,broadly across relevant situations,only when explicitly overridden or corrected,"Is this a timed drill where you want only the answer, or a study question requiring explanation?",I will provide only the final answer.,I will explain the reasoning because the answer-only constraint does not apply here.,APPLY,not_evaluated,0.7625,,APPLY,llm_label,"{""preference"": ""answer-only assistance"", ""family"": ""education_answer_only"", ""owner"": ""user"", ""information_type"": ""trait_preference"", ""applies_when"": ""broadly across relevant situations"", ""does_not_apply_when"": ""only when explicitly overridden or corrected"", ""temporal_validity"": ""persistent"", ""confidence"": 0.7625, ""evidence"": [""Just tell me the correct answer."", ""I consistently prefer answer-only assistance for exercises."", ""Even without time pressure, I want only the answer.""], ""permission"": ""response_personalization"", ""profile_variant"": ""stable""}",rule,,education_answer_only,stable,user,trait_preference,persistent
23,food_quick_meals-test-005-outside-stable,food_quick_meals-test-005,food_quick_meals-test-005-outside,test,food_quick_meals,food,stable,outside,inside,"Session 1: Fast recipes are my persistent cooking preference.
Session 2: There was a separate exchange about organizing files on a laptop.
Session 3: I generally prefer quick meals because I dislike lengthy cooking.
Session 4: Across weekdays and weekends, preparation time is a major priority.
Session 5: We also discussed the weather for an unrelated day trip.
Session 6: For this request, prioritize speed and convenience.
Session 7: Even when I am free, I usually choose simple meals.",Work is finished and I have the whole afternoon to cook.,APPLY,quick-to-prepare meals,user,trait_preference,persistent,broadly across relevant situations,only when explicitly overridden or corrected,"Are you still under time pressure, or do you have time for a longer recipe?","I will prioritize a fast, low-preparation meal.",I will consider a more involved recipe instead of assuming you are still time-constrained.,APPLY,not_evaluated,0.87,,APPLY,llm_label,"{""preference"": ""quick-to-prepare meals"", ""family"": ""food_quick_meals"", ""owner"": ""user"", ""information_type"": ""trait_preference"", ""applies_when"": ""broadly across relevant situations"", ""does_not_apply_when"": ""only when explicitly overridden or corrected"", ""temporal_validity"": ""persistent"", ""confidence"": 0.87, ""evidence"": [""For this request, prioritize speed and convenience."", ""Fast recipes are my persistent cooking preference."", ""I generally prefer quick meals because I dislike lengthy cooking.""], ""permission"": ""response_personalization"", ""profile_variant"": ""stable""}",rule,,food_quick_meals,stable,user,trait_preference,persistent
24,education_answer_only-test-002-near-scoped,education_answer_only-test-002,education_answer_only-test-002-near,test,education_answer_only,education,scoped,near,near,"Session 1: The answer-only request is limited to speed drills.
Session 2: Just tell me the correct answer.
Session 3: Another message asked for a summary of a news article.
Session 4: Outside timed practice, I normally want explanations and hints.
Session 5: This is a timed practice round, so I need only the answer right now.
Session 6: There was an unrelated request to rename several documents.
Session 7: It is a temporary task constraint, not my general learning style.","Respond to the problem, but I have not described the learning context.",CLARIFY,answer-only assistance,user,temporary_constraint,context-dependent,"the user is in a timed drill, speed test, or explicitly requests answer-only output","the user is studying, reviewing mistakes, or asks for conceptual understanding","Is this a timed drill where you want only the answer, or a study question requiring explanation?",I will provide only the final answer.,I will explain the reasoning because the answer-only constraint does not apply here.,APPLY,not_evaluated,0.79,,APPLY,llm_label,"{""preference"": ""concise answers"", ""family"": ""writing_conciseness"", ""owner"": ""user"", ""information_type"": ""temporary_state"", ""applies_when"": ""the request is urgent, exam-like, or explicitly asks for a direct answer"", ""does_not_apply_when"": ""the user is learning a new concept or preparing a detailed presentation"", ""temporal_validity"": ""context-dependent"", ""confidence"": 0.79, ""evidence"": [""The answer-only request is limited to speed drills."", ""Just tell me the correct answer."", ""This is a timed practice round, so I need only the answer right now.""], ""permission"": ""response_personalization"", ""profile_variant"": ""scoped""}",rule,,writing_conciseness,scoped,user,temporary_state,context-dependent
25,education_answer_only-test-008-outside-scoped,education_answer_only-test-008,education_answer_only-test-008-outside,test,education_answer_only,education,scoped,outside,outside,"Session 1: Outside timed practice, I normally want explanations and hints.
Session 2: We also discussed the weather for an unrelated day trip.
Session 3: Another message asked for a summary of a news article.
Session 4: Just tell me the correct answer.
Session 5: This is a timed practice round, so I need only the answer right now.
Session 6: It is a temporary task constraint, not my general learning style.
Session 7: The answer-only request is limited to speed drills.",I am no longer timing myself; show me the reasoning.,IGNORE,answer-only assistance,user,temporary_constraint,context-dependent,"the user is in a timed drill, speed test, or explicitly requests answer-only output","the user is studying, reviewing mistakes, or asks for conceptual understanding","Is this a timed drill where you want only the answer, or a study question requiring explanation?",I will provide only the final answer.,I will explain the reasoning because the answer-only constraint does not apply here.,APPLY,not_evaluated,0.83,,APPLY,llm_label,"{""preference"": ""detailed step-by-step explanations"", ""family"": ""education_detail"", ""owner"": ""user"", ""information_type"": ""current_goal"", ""applies_when"": ""the user is learning unfamiliar material or explicitly studying for understanding"", ""does_not_apply_when"": ""the user is checking a known result or taking a timed quiz"", ""temporal_validity"": ""context-dependent"", ""confidence"": 0.83, ""evidence"": [""Outside timed practice, I normally want explanations and hints."", ""It is a temporary task constraint, not my general learning style."", ""We also discussed the weather for an unrelated day trip.""], ""permission"": ""response_personalization"", ""profile_variant"": ""scoped""}",rule,,education_detail,scoped,user,current_goal,context-dependent
26,writing_directness-test-006-near-stable,writing_directness-test-006,writing_directness-test-006-near,test,writing_directness,writing,stable,near,inside,"Session 1: Across contexts, I prefer people to state the point clearly.
Session 2: Avoiding unnecessary hedging is a persistent preference of mine.
Session 3: We briefly talked about a grocery list for the weekend.
Session 4: Direct wording is my default style.
Session 5: Another message asked for a summary of a news article.
Session 6: Please make the message very direct.
Session 7: I generally value direct communication, even in sensitive discussions.","Write the message, although I have not said whether this is a conflict.",APPLY,direct communication,user,trait_preference,persistent,broadly across relevant situations,only when explicitly overridden or corrected,"Is this a routine logistical request, or a sensitive interpersonal message?",I will state the request directly and remove unnecessary hedging.,I will use gentler wording because the earlier direct style does not fit this context.,APPLY,not_evaluated,0.93,,APPLY,llm_label,"{""preference"": ""direct communication"", ""family"": ""writing_directness"", ""owner"": ""user"", ""information_type"": ""trait_preference"", ""applies_when"": ""broadly across relevant situations"", ""does_not_apply_when"": ""only when explicitly overridden or corrected"", ""temporal_validity"": ""persistent"", ""confidence"": 0.93, ""evidence"": [""Please make the message very direct."", ""I generally value direct communication, even in sensitive discussions."", ""Another message asked for a summary of a news article.""], ""permission"": ""response_personalization"", ""profile_variant"": ""stable""}",rule,,writing_directness,stable,user,trait_preference,persistent
27,writing_directness-test-013-outside-scoped,writing_directness-test-013,writing_directness-test-013-outside,test,writing_directness,writing,scoped,outside,outside,"Session 1: This is an internal logistics message where speed matters.
Session 2: Another short conversation concerned a book recommendation.
Session 3: Another message asked for a summary of a news article.
Session 4: For emotional or conflict-sensitive conversations, I prefer gentler wording.
Session 5: Please make the message very direct.
Session 6: The direct style is limited to operational requests.
Session 7: It is not my general approach for every audience.",Help me apologize after an emotional argument.,IGNORE,direct communication,user,contextual_preference,context-dependent,"the message concerns logistics, deadlines, or clear task assignment","the message addresses grief, conflict, rejection, or another sensitive situation","Is this a routine logistical request, or a sensitive interpersonal message?",I will state the request directly and remove unnecessary hedging.,I will use gentler wording because the earlier direct style does not fit this context.,IGNORE,not_evaluated,0.8475,,IGNORE,llm_label,"{""preference"": ""direct communication"", ""family"": ""writing_directness"", ""owner"": ""user"", ""information_type"": ""contextual_preference"", ""applies_when"": ""the message concerns logistics, deadlines, or clear task assignment"", ""does_not_apply_when"": ""the message addresses grief, conflict, rejection, or another sensitive situation"", ""temporal_validity"": ""context-dependent"", ""confidence"": 0.8475, ""evidence"": [""Please make the message very direct."", ""This is an internal logistics message where speed matters."", ""Another message asked for a summary of a news article.""], ""permission"": ""response_personalization"", ""profile_variant"": ""scoped""}",rule,,writing_directness,scoped,user,contextual_preference,context-dependent
28,writing_directness-test-004-outside-scoped,writing_directness-test-004,writing_directness-test-004-outside,test,writing_directness,writing,scoped,outside,outside,"Session 1: It is not my general approach for every audience.
Session 2: We also discussed a calendar reminder for next month.
Session 3: There was an unrelated request to rename several documents.
Session 4: The direct style is limited to operational requests.
Session 5: Remove hedging and state the request clearly.
Session 6: This is an internal logistics message where speed matters.
Session 7: For emotional or conflict-sensitive conversations, I prefer gentler wording.",Write a compassionate message to someone facing bad news.,IGNORE,direct communication,user,contextual_preference,context-dependent,"the message concerns logistics, deadlines, or clear task assignment","the message addresses grief, conflict, rejection, or another sensitive situation","Is this a routine logistical request, or a sensitive interpersonal message?",I will state the request directly and remove unnecessary hedging.,I will use gentler wording because the earlier direct style does not fit this context.,IGNORE,not_evaluated,0.8475,,IGNORE,llm_label,"{""preference"": ""direct communication"", ""family"": ""writing_directness"", ""owner"": ""user"", ""information_type"": ""contextual_preference"", ""applies_when"": ""the message concerns logistics, deadlines, or clear task assignment"", ""does_not_apply_when"": ""the message addresses grief, conflict, rejection, or another sensitive situation"", ""temporal_validity"": ""context-dependent"", ""confidence"": 0.8475, ""evidence"": [""Remove hedging and state the request clearly."", ""The direct style is limited to operational requests."", ""This is an internal logistics message where speed matters.""], ""permission"": ""response_personalization"", ""profile_variant"": ""scoped""}",rule,,writing_directness,scoped,user,contextual_preference,context-dependent
29,food_vegetarian-test-014-outside-scoped,food_vegetarian-test-014,food_vegetarian-test-014-outside,test,food_vegetarian,food,scoped,outside,outside,"Session 1: I normally eat meat and fish myself.
Session 2: Please suggest a vegetarian meal.
Session 3: We briefly talked about a grocery list for the weekend.
Session 4: There was a separate exchange about organizing files on a laptop.
Session 5: The vegetarian guest is my sister, not me.
Session 6: This meat-free request applies only when I am cooking for her.
Session 7: It should not be stored as my own general diet.","This meal is solely for me, and I have no meat restriction.",IGNORE,vegetarian meals,sister,other_owner,context-dependent,the meal is for the vegetarian sister or another explicitly vegetarian guest,the meal is for the user alone and no vegetarian guest is involved,"Is this meal for you, or for the vegetarian guest you mentioned?",I will recommend a fully vegetarian meal.,I will not treat another person's diet as your own preference.,APPLY,not_evaluated,0.7875,,APPLY,llm_label,"{""preference"": ""vegetarian meals"", ""family"": ""food_vegetarian"", ""owner"": ""sister"", ""information_type"": ""other_owner"", ""applies_when"": ""the meal is for the vegetarian sister or another explicitly vegetarian guest"", ""does_not_apply_when"": ""the meal is for the user alone and no vegetarian guest is involved"", ""temporal_validity"": ""context-dependent"", ""confidence"": 0.7875, ""evidence"": [""Please suggest a vegetarian meal."", ""The vegetarian guest is my sister, not me."", ""This meat-free request applies only when I am cooking for her.""], ""permission"": ""response_personalization"", ""profile_variant"": ""scoped""}",rule,,food_vegetarian,scoped,sister,other_owner,context-dependent
30,education_examples-test-005-near-scoped,education_examples-test-005,education_examples-test-005-near,test,education_examples,education,scoped,near,near,"Session 1: The request for examples applies only to abstract learning sessions.
Session 2: For reference sheets, I prefer compact definitions without examples.
Session 3: We also discussed the weather for an unrelated day trip.
Session 4: This concept is unusually abstract, so examples are needed for this topic.
Session 5: Use examples rather than only abstract definitions.
Session 6: A different session was about fixing a small Python error.
Session 7: It is not required in every educational response.",Choose whether to include examples; I have not stated my purpose.,CLARIFY,example-driven teaching,user,contextual_preference,context-dependent,"the concept is abstract, unfamiliar, or explicitly taught for understanding","the user requests a compact reference, formula sheet, or glossary entry","Is this for learning the idea, or for a compact reference sheet?",I will include concrete examples and connect them to the abstract idea.,I will keep this as a compact reference without adding worked examples.,CLARIFY,not_evaluated,0.875,,CLARIFY,llm_label,"{""preference"": ""example-driven teaching"", ""family"": ""education_examples"", ""owner"": ""user"", ""information_type"": ""contextual_preference"", ""applies_when"": ""the concept is abstract, unfamiliar, or explicitly taught for understanding"", ""does_not_apply_when"": ""the user requests a compact reference, formula sheet, or glossary entry"", ""temporal_validity"": ""context-dependent"", ""confidence"": 0.875, ""evidence"": [""For reference sheets, I prefer compact definitions without examples."", ""Use examples rather than only abstract definitions."", ""This concept is unusually abstract, so examples are needed for this topic.""], ""permission"": ""response_personalization"", ""profile_variant"": ""scoped""}",rule,,education_examples,scoped,user,contextual_preference,context-dependent
31,food_quick_meals-test-004-near-scoped,food_quick_meals-test-004,food_quick_meals-test-004-near,test,food_quick_meals,food,scoped,near,near,"Session 1: The quick-meal request applies only during the deadline period.
Session 2: We briefly talked about a grocery list for the weekend.
Session 3: This week I have an unusually heavy deadline.
Session 4: It is a temporary time constraint, not my general cooking preference.
Session 5: A different session was about fixing a small Python error.
Session 6: For this request, prioritize speed and convenience.
Session 7: Normally I enjoy slow cooking when my schedule is open.",I have not said whether I am still busy or finally free.,CLARIFY,quick-to-prepare meals,user,current_goal,context-dependent,the user is currently facing a deadline or has very limited cooking time,the deadline has passed and the user has time for relaxed cooking,"Are you still under time pressure, or do you have time for a longer recipe?","I will prioritize a fast, low-preparation meal.",I will consider a more involved recipe instead of assuming you are still time-constrained.,CLARIFY,not_evaluated,0.925,,CLARIFY,llm_label,"{""preference"": ""quick-to-prepare meals"", ""family"": ""food_quick_meals"", ""owner"": ""user"", ""information_type"": ""current_goal"", ""applies_when"": ""the user is currently facing a deadline or has very limited cooking time"", ""does_not_apply_when"": ""the deadline has passed and the user has time for relaxed cooking"", ""temporal_validity"": ""context-dependent"", ""confidence"": 0.925, ""evidence"": [""For this request, prioritize speed and convenience."", ""The quick-meal request applies only during the deadline period."", ""This week I have an unusually heavy deadline.""], ""permission"": ""response_personalization"", ""profile_variant"": ""scoped""}",rule,,food_quick_meals,scoped,user,current_goal,context-dependent
32,education_detail-test-007-near-scoped,education_detail-test-007,education_detail-test-007-near,test,education_detail,education,scoped,near,near,"Session 1: For routine checks and timed quizzes, I usually want only the answer.
Session 2: It is not a universal response-style preference.
Session 3: There was a separate exchange about organizing files on a laptop.
Session 4: There was an unrelated request to rename several documents.
Session 5: The detailed request is limited to unfamiliar learning material.
Session 6: Please explain this step by step.
Session 7: This topic is new to me, so I need extra detail for this lesson.",Choose the amount of explanation; my current goal is unclear.,CLARIFY,detailed step-by-step explanations,user,current_goal,context-dependent,the user is learning unfamiliar material or explicitly studying for understanding,the user is checking a known result or taking a timed quiz,"Are you learning this from scratch, or do you only want the final answer checked?",I will explain the method carefully and include the intermediate steps.,I will provide a concise verification rather than a full tutorial.,CLARIFY,not_evaluated,0.875,,CLARIFY,llm_label,"{""preference"": ""detailed step-by-step explanations"", ""family"": ""education_detail"", ""owner"": ""user"", ""information_type"": ""current_goal"", ""applies_when"": ""the user is learning unfamiliar material or explicitly studying for understanding"", ""does_not_apply_when"": ""the user is checking a known result or taking a timed quiz"", ""temporal_validity"": ""context-dependent"", ""confidence"": 0.875, ""evidence"": [""The detailed request is limited to unfamiliar learning material."", ""Please explain this step by step."", ""For routine checks and timed quizzes, I usually want only the answer.""], ""permission"": ""response_personalization"", ""profile_variant"": ""scoped""}",rule,,education_detail,scoped,user,current_goal,context-dependent
33,travel_proximity-test-015-near-stable,travel_proximity-test-015,travel_proximity-test-015-near,test,travel_proximity,travel,stable,near,inside,"Session 1: Across trips, staying close to the main destination is my default.
Session 2: Find a hotel as close to the venue as possible.
Session 3: Another message asked for a summary of a news article.
Session 4: A different session was about fixing a small Python error.
Session 5: Proximity is a persistent accommodation preference for me.
Session 6: Even on relaxed vacations, I dislike long travel from the hotel.
Session 7: I generally prioritize location over hotel amenities.",The purpose and schedule of the visit are still unclear.,APPLY,accommodation close to the destination,user,trait_preference,persistent,broadly across relevant situations,only when explicitly overridden or corrected,"Is this a tightly scheduled short visit, or a relaxed leisure trip?",I will prioritize hotels close to the main destination.,I will consider quieter or more comfortable areas instead of assuming proximity is essential.,APPLY,not_evaluated,0.93,,APPLY,llm_label,"{""preference"": ""accommodation close to the destination"", ""family"": ""travel_proximity"", ""owner"": ""user"", ""information_type"": ""trait_preference"", ""applies_when"": ""broadly across relevant situations"", ""does_not_apply_when"": ""only when explicitly overridden or corrected"", ""temporal_validity"": ""persistent"", ""confidence"": 0.93, ""evidence"": [""Even on relaxed vacations, I dislike long travel from the hotel."", ""Across trips, staying close to the main destination is my default."", ""Find a hotel as close to the venue as possible.""], ""permission"": ""response_personalization"", ""profile_variant"": ""stable""}",rule,,travel_proximity,stable,user,trait_preference,persistent
34,education_detail-test-008-inside-scoped,education_detail-test-008,education_detail-test-008-inside,test,education_detail,education,scoped,inside,inside,"Session 1: For routine checks and timed quizzes, I usually want only the answer.
Session 2: I want a detailed explanation with the intermediate reasoning.
Session 3: We also discussed a calendar reminder for next month.
Session 4: The detailed request is limited to unfamiliar learning material.
Session 5: There was a separate exchange about organizing files on a laptop.
Session 6: It is not a universal response-style preference.
Session 7: This topic is new to me, so I need extra detail for this lesson.","I am new to this subject, so build the explanation from first principles.",APPLY,detailed step-by-step explanations,user,current_goal,context-dependent,the user is learning unfamiliar material or explicitly studying for understanding,the user is checking a known result or taking a timed quiz,"Are you learning this from scratch, or do you only want the final answer checked?",I will explain the method carefully and include the intermediate steps.,I will provide a concise verification rather than a full tutorial.,APPLY,not_evaluated,0.875,,APPLY,llm_label,"{""preference"": ""detailed step-by-step explanations"", ""family"": ""education_detail"", ""owner"": ""user"", ""information_type"": ""current_goal"", ""applies_when"": ""the user is learning unfamiliar material or explicitly studying for understanding"", ""does_not_apply_when"": ""the user is checking a known result or taking a timed quiz"", ""temporal_validity"": ""context-dependent"", ""confidence"": 0.875, ""evidence"": [""I want a detailed explanation with the intermediate reasoning."", ""The detailed request is limited to unfamiliar learning material."", ""For routine checks and timed quizzes, I usually want only the answer.""], ""permission"": ""response_personalization"", ""profile_variant"": ""scoped""}",rule,,education_detail,scoped,user,current_goal,context-dependent
35,writing_formality-test-004-outside-scoped,writing_formality-test-004,writing_formality-test-004-outside,test,writing_formality,writing,scoped,outside,outside,"Session 1: It is an audience-specific requirement, not my universal style.
Session 2: This draft is addressed to a professor, so the audience requires formality.
Session 3: Make this draft professional and formal.
Session 4: I use a relaxed tone with friends and close teammates.
Session 5: We briefly talked about a grocery list for the weekend.
Session 6: There was an unrelated request to rename several documents.
Session 7: The formal request applies only to academic or official recipients.",Make this sound natural for a group chat with friends.,IGNORE,formal writing style,user,contextual_preference,context-dependent,"the recipient is a professor, administrator, employer, or other official audience",the recipient is a close friend or an informal peer group,Who is the recipient: an official contact or someone you know casually?,"I will use a formal, professional tone suitable for the recipient.",I will use a natural informal tone rather than transferring the official style.,CLARIFY,not_evaluated,0.875,,CLARIFY,llm_label,"{""preference"": ""formal writing style"", ""family"": ""writing_formality"", ""owner"": ""user"", ""information_type"": ""contextual_preference"", ""applies_when"": ""the recipient is a professor, administrator, employer, or other official audience"", ""does_not_apply_when"": ""the recipient is a close friend or an informal peer group"", ""temporal_validity"": ""context-dependent"", ""confidence"": 0.875, ""evidence"": [""This draft is addressed to a professor, so the audience requires formality."", ""The formal request applies only to academic or official recipients."", ""Make this draft professional and formal.""], ""permission"": ""response_personalization"", ""profile_variant"": ""scoped""}",rule,,writing_formality,scoped,user,contextual_preference,context-dependent
36,travel_budget-test-014-near-scoped,travel_budget-test-014,travel_budget-test-014-near,test,travel_budget,travel,scoped,near,near,"Session 1: This trip is different because the university reimbursement cap is strict.
Session 2: I usually enjoy comfortable premium hotels.
Session 3: Recommend an inexpensive hotel that is still acceptable.
Session 4: Another message asked for a summary of a news article.
Session 5: There was a separate exchange about organizing files on a laptop.
Session 6: Cheap accommodation is not a general travel preference for me.
Session 7: The low-price request is only for this capped trip.",It is unclear whether I or the sponsor will cover accommodation.,CLARIFY,budget-conscious accommodation,user,temporary_constraint,context-dependent,the traveler is paying personally or a strict reimbursement cap applies,the trip is fully reimbursed without a cap,"Will you pay personally, or is this trip reimbursed without a cap?","I will prioritize inexpensive, clean accommodation.",I will consider comfort and quality rather than assuming price is the main criterion.,CLARIFY,not_evaluated,0.93,,CLARIFY,llm_label,"{""preference"": ""budget-conscious accommodation"", ""family"": ""travel_budget"", ""owner"": ""user"", ""information_type"": ""temporary_constraint"", ""applies_when"": ""the traveler is paying personally or a strict reimbursement cap applies"", ""does_not_apply_when"": ""the trip is fully reimbursed without a cap"", ""temporal_validity"": ""context-dependent"", ""confidence"": 0.93, ""evidence"": [""Recommend an inexpensive hotel that is still acceptable."", ""This trip is different because the university reimbursement cap is strict."", ""Cheap accommodation is not a general travel preference for me.""], ""permission"": ""response_personalization"", ""profile_variant"": ""scoped""}",rule,,travel_budget,scoped,user,temporary_constraint,context-dependent
37,writing_conciseness-test-006-outside-scoped,writing_conciseness-test-006,writing_conciseness-test-006-outside,test,writing_conciseness,writing,scoped,outside,outside,"Session 1: The short answer is only for time-pressured situations.
Session 2: A different session was about fixing a small Python error.
Session 3: Please keep this answer short and direct.
Session 4: I am about to join a meeting, so this request is unusually urgent.
Session 5: There was an unrelated request to rename several documents.
Session 6: This is not a general preference for every conversation.
Session 7: When learning something new, I normally want a detailed explanation.","I want to understand this deeply, so explain each step.",IGNORE,concise answers,user,temporary_state,context-dependent,"the request is urgent, exam-like, or explicitly asks for a direct answer",the user is learning a new concept or preparing a detailed presentation,"Would you like only the final answer, or a detailed step-by-step explanation?",I will keep the answer concise and give the main result first.,I will not force the earlier brevity preference onto this learning request.,CLARIFY,not_evaluated,0.8625,,CLARIFY,llm_label,"{""preference"": ""concise answers"", ""family"": ""writing_conciseness"", ""owner"": ""user"", ""information_type"": ""temporary_state"", ""applies_when"": ""the request is urgent, exam-like, or explicitly asks for a direct answer"", ""does_not_apply_when"": ""the user is learning a new concept or preparing a detailed presentation"", ""temporal_validity"": ""context-dependent"", ""confidence"": 0.8625, ""evidence"": [""Please keep this answer short and direct."", ""I am about to join a meeting, so this request is unusually urgent."", ""When learning something new, I normally want a detailed explanation.""], ""permission"": ""response_personalization"", ""profile_variant"": ""scoped""}",rule,,writing_conciseness,scoped,user,temporary_state,context-dependent
38,education_examples-test-014-near-scoped,education_examples-test-014,education_examples-test-014-near,test,education_examples,education,scoped,near,near,"Session 1: The request for examples applies only to abstract learning sessions.
Session 2: Another message asked for a summary of a news article.
Session 3: This concept is unusually abstract, so examples are needed for this topic.
Session 4: Please teach this with several concrete examples.
Session 5: We briefly talked about a grocery list for the weekend.
Session 6: It is not required in every educational response.
Session 7: For reference sheets, I prefer compact definitions without examples.",Choose whether to include examples; I have not stated my purpose.,CLARIFY,example-driven teaching,user,contextual_preference,context-dependent,"the concept is abstract, unfamiliar, or explicitly taught for understanding","the user requests a compact reference, formula sheet, or glossary entry","Is this for learning the idea, or for a compact reference sheet?",I will include concrete examples and connect them to the abstract idea.,I will keep this as a compact reference without adding worked examples.,CLARIFY,not_evaluated,0.8475,,CLARIFY,llm_label,"{""preference"": ""example-driven teaching"", ""family"": ""education_examples"", ""owner"": ""user"", ""information_type"": ""contextual_preference"", ""applies_when"": ""the concept is abstract, unfamiliar, or explicitly taught for understanding"", ""does_not_apply_when"": ""the user requests a compact reference, formula sheet, or glossary entry"", ""temporal_validity"": ""context-dependent"", ""confidence"": 0.8475, ""evidence"": [""Please teach this with several concrete examples."", ""For reference sheets, I prefer compact definitions without examples."", ""This concept is unusually abstract, so examples are needed for this topic.""], ""permission"": ""response_personalization"", ""profile_variant"": ""scoped""}",rule,,education_examples,scoped,user,contextual_preference,context-dependent
39,writing_conciseness-test-014-near-stable,writing_conciseness-test-014,writing_conciseness-test-014-near,test,writing_conciseness,writing,stable,near,inside,"Session 1: I generally prefer concise answers across most tasks.
Session 2: We briefly talked about a grocery list for the weekend.
Session 3: For this request, give me only the key points.
Session 4: There was a separate exchange about organizing files on a laptop.
Session 5: Even when I have time, I usually want the direct answer first.
Session 6: Brevity is a persistent interaction preference for me.
Session 7: Across our conversations, short responses are my default.",Should this be a quick answer or a tutorial? I have not decided.,APPLY,concise answers,user,trait_preference,persistent,broadly across relevant situations,only when explicitly overridden or corrected,"Would you like only the final answer, or a detailed step-by-step explanation?",I will keep the answer concise and give the main result first.,I will not force the earlier brevity preference onto this learning request.,APPLY,not_evaluated,0.925,,APPLY,llm_label,"{""preference"": ""concise answers"", ""family"": ""writing_conciseness"", ""owner"": ""user"", ""information_type"": ""trait_preference"", ""applies_when"": ""broadly across relevant situations"", ""does_not_apply_when"": ""only when explicitly overridden or corrected"", ""temporal_validity"": ""persistent"", ""confidence"": 0.925, ""evidence"": [""I generally prefer concise answers across most tasks."", ""For this request, give me only the key points."", ""Even when I have time, I usually want the direct answer first.""], ""permission"": ""response_personalization"", ""profile_variant"": ""stable""}",rule,,writing_conciseness,stable,user,trait_preference,persistent
40,food_quick_meals-test-004-outside-scoped,food_quick_meals-test-004,food_quick_meals-test-004-outside,test,food_quick_meals,food,scoped,outside,outside,"Session 1: The quick-meal request applies only during the deadline period.
Session 2: We briefly talked about a grocery list for the weekend.
Session 3: This week I have an unusually heavy deadline.
Session 4: It is a temporary time constraint, not my general cooking preference.
Session 5: A different session was about fixing a small Python error.
Session 6: For this request, prioritize speed and convenience.
Session 7: Normally I enjoy slow cooking when my schedule is open.",Work is finished and I have the whole afternoon to cook.,IGNORE,quick-to-prepare meals,user,current_goal,context-dependent,the user is currently facing a deadline or has very limited cooking time,the deadline has passed and the user has time for relaxed cooking,"Are you still under time pressure, or do you have time for a longer recipe?","I will prioritize a fast, low-preparation meal.",I will consider a more involved recipe instead of assuming you are still time-constrained.,APPLY,not_evaluated,0.925,,APPLY,llm_label,"{""preference"": ""quick-to-prepare meals"", ""family"": ""food_quick_meals"", ""owner"": ""user"", ""information_type"": ""current_goal"", ""applies_when"": ""the user is currently facing a deadline or has very limited cooking time"", ""does_not_apply_when"": ""the deadline has passed and the user has time for relaxed cooking"", ""temporal_validity"": ""context-dependent"", ""confidence"": 0.925, ""evidence"": [""For this request, prioritize speed and convenience."", ""The quick-meal request applies only during the deadline period."", ""This week I have an unusually heavy deadline.""], ""permission"": ""response_personalization"", ""profile_variant"": ""scoped""}",rule,,food_quick_meals,scoped,user,current_goal,context-dependent
41,travel_comfort-test-007-inside-stable,travel_comfort-test-007,travel_comfort-test-007-inside,test,travel_comfort,travel,stable,inside,inside,"Session 1: Across trips, I am willing to pay more for an easier experience.
Session 2: There was a separate exchange about organizing files on a laptop.
Session 3: There was an unrelated request to rename several documents.
Session 4: For this trip, choose the most comfortable option.
Session 5: I generally prioritize comfort on every trip.
Session 6: Comfort is a persistent travel preference for me.
Session 7: Even for short journeys, I avoid inconvenient travel options.",My current physical condition requires extra travel comfort.,APPLY,high-comfort travel,user,trait_preference,persistent,broadly across relevant situations,only when explicitly overridden or corrected,Do you still need extra comfort or accessibility support for this trip?,"I will prioritize comfort, accessibility, and a low-strain itinerary.",I will not assume the temporary comfort requirement still applies.,APPLY,not_evaluated,0.9025,,APPLY,llm_label,"{""preference"": ""high-comfort travel"", ""family"": ""travel_comfort"", ""owner"": ""user"", ""information_type"": ""trait_preference"", ""applies_when"": ""broadly across relevant situations"", ""does_not_apply_when"": ""only when explicitly overridden or corrected"", ""temporal_validity"": ""persistent"", ""confidence"": 0.9025, ""evidence"": [""For this trip, choose the most comfortable option."", ""I generally prioritize comfort on every trip."", ""Comfort is a persistent travel preference for me.""], ""permission"": ""response_personalization"", ""profile_variant"": ""stable""}",rule,,travel_comfort,stable,user,trait_preference,persistent
42,travel_budget-test-008-near-scoped,travel_budget-test-008,travel_budget-test-008-near,test,travel_budget,travel,scoped,near,near,"Session 1: The low-price request is only for this capped trip.
Session 2: There was a separate exchange about organizing files on a laptop.
Session 3: Cheap accommodation is not a general travel preference for me.
Session 4: For this trip, please find a cheap but clean hotel.
Session 5: There was an unrelated request to rename several documents.
Session 6: I usually enjoy comfortable premium hotels.
Session 7: This trip is different because the university reimbursement cap is strict.",It is unclear whether I or the sponsor will cover accommodation.,CLARIFY,budget-conscious accommodation,user,temporary_constraint,context-dependent,the traveler is paying personally or a strict reimbursement cap applies,the trip is fully reimbursed without a cap,"Will you pay personally, or is this trip reimbursed without a cap?","I will prioritize inexpensive, clean accommodation.",I will consider comfort and quality rather than assuming price is the main criterion.,APPLY,not_evaluated,0.935,,APPLY,llm_label,"{""preference"": ""budget-conscious accommodation"", ""family"": ""travel_budget"", ""owner"": ""user"", ""information_type"": ""temporary_constraint"", ""applies_when"": ""the traveler is paying personally or a strict reimbursement cap applies"", ""does_not_apply_when"": ""the trip is fully reimbursed without a cap"", ""temporal_validity"": ""context-dependent"", ""confidence"": 0.935, ""evidence"": [""This trip is different because the university reimbursement cap is strict."", ""Cheap accommodation is not a general travel preference for me."", ""For this trip, please find a cheap but clean hotel.""], ""permission"": ""response_personalization"", ""profile_variant"": ""scoped""}",rule,,travel_budget,scoped,user,temporary_constraint,context-dependent
43,travel_comfort-test-008-outside-scoped,travel_comfort-test-008,travel_comfort-test-008-outside,test,travel_comfort,travel,scoped,outside,outside,"Session 1: Extra comfort is medically useful during this recovery period.
Session 2: Another short conversation concerned a book recommendation.
Session 3: A different session was about fixing a small Python error.
Session 4: This comfort requirement is temporary, not a universal preference.
Session 5: For this trip, choose the most comfortable option.
Session 6: After recovery, I usually accept basic low-cost travel.
Session 7: I am recovering from a temporary back injury.","Recovery is complete, so basic transportation is fine now.",IGNORE,high-comfort travel,user,temporary_state,context-dependent,"the user is currently injured, physically exhausted, or needs accessibility support",the user has recovered and is planning a routine low-cost trip,Do you still need extra comfort or accessibility support for this trip?,"I will prioritize comfort, accessibility, and a low-strain itinerary.",I will not assume the temporary comfort requirement still applies.,APPLY,not_evaluated,0.9225,,APPLY,llm_label,"{""preference"": ""high-comfort travel"", ""family"": ""travel_comfort"", ""owner"": ""user"", ""information_type"": ""temporary_state"", ""applies_when"": ""the user is currently injured, physically exhausted, or needs accessibility support"", ""does_not_apply_when"": ""the user has recovered and is planning a routine low-cost trip"", ""temporal_validity"": ""context-dependent"", ""confidence"": 0.9225, ""evidence"": [""For this trip, choose the most comfortable option."", ""Extra comfort is medically useful during this recovery period."", ""This comfort requirement is temporary, not a universal preference.""], ""permission"": ""response_personalization"", ""profile_variant"": ""scoped""}",rule,,travel_comfort,scoped,user,temporary_state,context-dependent
44,writing_conciseness-test-003-near-scoped,writing_conciseness-test-003,writing_conciseness-test-003-near,test,writing_conciseness,writing,scoped,near,near,"Session 1: When learning something new, I normally want a detailed explanation.
Session 2: We also discussed a calendar reminder for next month.
Session 3: I am about to join a meeting, so this request is unusually urgent.
Session 4: Please keep this answer short and direct.
Session 5: The short answer is only for time-pressured situations.
Session 6: There was a separate exchange about organizing files on a laptop.
Session 7: This is not a general preference for every conversation.",I am unsure whether I need the summary or the full explanation.,CLARIFY,concise answers,user,temporary_state,context-dependent,"the request is urgent, exam-like, or explicitly asks for a direct answer",the user is learning a new concept or preparing a detailed presentation,"Would you like only the final answer, or a detailed step-by-step explanation?",I will keep the answer concise and give the main result first.,I will not force the earlier brevity preference onto this learning request.,CLARIFY,not_evaluated,0.8925,,CLARIFY,llm_label,"{""preference"": ""concise answers"", ""family"": ""writing_conciseness"", ""owner"": ""user"", ""information_type"": ""temporary_state"", ""applies_when"": ""the request is urgent, exam-like, or explicitly asks for a direct answer"", ""does_not_apply_when"": ""the user is learning a new concept or preparing a detailed presentation"", ""temporal_validity"": ""context-dependent"", ""confidence"": 0.8925, ""evidence"": [""Please keep this answer short and direct."", ""When learning something new, I normally want a detailed explanation."", ""I am about to join a meeting, so this request is unusually urgent.""], ""permission"": ""response_personalization"", ""profile_variant"": ""scoped""}",rule,,writing_conciseness,scoped,user,temporary_state,context-dependent
45,writing_conciseness-test-008-outside-scoped,writing_conciseness-test-008,writing_conciseness-test-008-outside,test,writing_conciseness,writing,scoped,outside,outside,"Session 1: When learning something new, I normally want a detailed explanation.
Session 2: We also discussed a calendar reminder for next month.
Session 3: The short answer is only for time-pressured situations.
Session 4: There was an unrelated request to rename several documents.
Session 5: Please keep this answer short and direct.
Session 6: I am about to join a meeting, so this request is unusually urgent.
Session 7: This is not a general preference for every conversation.","I want to understand this deeply, so explain each step.",IGNORE,concise answers,user,temporary_state,context-dependent,"the request is urgent, exam-like, or explicitly asks for a direct answer",the user is learning a new concept or preparing a detailed presentation,"Would you like only the final answer, or a detailed step-by-step explanation?",I will keep the answer concise and give the main result first.,I will not force the earlier brevity preference onto this learning request.,CLARIFY,not_evaluated,0.8625,,CLARIFY,llm_label,"{""preference"": ""concise answers"", ""family"": ""writing_conciseness"", ""owner"": ""user"", ""information_type"": ""temporary_state"", ""applies_when"": ""the request is urgent, exam-like, or explicitly asks for a direct answer"", ""does_not_apply_when"": ""the user is learning a new concept or preparing a detailed presentation"", ""temporal_validity"": ""context-dependent"", ""confidence"": 0.8625, ""evidence"": [""Please keep this answer short and direct."", ""When learning something new, I normally want a detailed explanation."", ""I am about to join a meeting, so this request is unusually urgent.""], ""permission"": ""response_personalization"", ""profile_variant"": ""scoped""}",rule,,writing_conciseness,scoped,user,temporary_state,context-dependent
46,writing_formality-test-014-outside-scoped,writing_formality-test-014,writing_formality-test-014-outside,test,writing_formality,writing,scoped,outside,outside,"Session 1: The formal request applies only to academic or official recipients.
Session 2: Make this draft professional and formal.
Session 3: Another short conversation concerned a book recommendation.
Session 4: It is an audience-specific requirement, not my universal style.
Session 5: Another message asked for a summary of a news article.
Session 6: This draft is addressed to a professor, so the audience requires formality.
Session 7: I use a relaxed tone with friends and close teammates.",Write a playful note to my cousin.,IGNORE,formal writing style,user,contextual_preference,context-dependent,"the recipient is a professor, administrator, employer, or other official audience",the recipient is a close friend or an informal peer group,Who is the recipient: an official contact or someone you know casually?,"I will use a formal, professional tone suitable for the recipient.",I will use a natural informal tone rather than transferring the official style.,IGNORE,not_evaluated,0.875,,IGNORE,llm_label,"{""preference"": ""formal writing style"", ""family"": ""writing_formality"", ""owner"": ""user"", ""information_type"": ""contextual_preference"", ""applies_when"": ""the recipient is a professor, administrator, employer, or other official audience"", ""does_not_apply_when"": ""the recipient is a close friend or an informal peer group"", ""temporal_validity"": ""context-dependent"", ""confidence"": 0.875, ""evidence"": [""The formal request applies only to academic or official recipients."", ""This draft is addressed to a professor, so the audience requires formality."", ""Make this draft professional and formal.""], ""permission"": ""response_personalization"", ""profile_variant"": ""scoped""}",rule,,writing_formality,scoped,user,contextual_preference,context-dependent
47,writing_formality-test-015-near-scoped,writing_formality-test-015,writing_formality-test-015-near,test,writing_formality,writing,scoped,near,near,"Session 1: It is an audience-specific requirement, not my universal style.
Session 2: Make this draft professional and formal.
Session 3: This draft is addressed to a professor, so the audience requires formality.
Session 4: The formal request applies only to academic or official recipients.
Session 5: Another message asked for a summary of a news article.
Session 6: There was a separate exchange about organizing files on a laptop.
Session 7: I use a relaxed tone with friends and close teammates.",Polish this text; I am not sure yet whether it is for a professor or a friend.,CLARIFY,formal writing style,user,contextual_preference,context-dependent,"the recipient is a professor, administrator, employer, or other official audience",the recipient is a close friend or an informal peer group,Who is the recipient: an official contact or someone you know casually?,"I will use a formal, professional tone suitable for the recipient.",I will use a natural informal tone rather than transferring the official style.,CLARIFY,not_evaluated,0.875,,CLARIFY,llm_label,"{""preference"": ""formal writing style"", ""family"": ""writing_formality"", ""owner"": ""user"", ""information_type"": ""contextual_preference"", ""applies_when"": ""the recipient is a professor, administrator, employer, or other official audience"", ""does_not_apply_when"": ""the recipient is a close friend or an informal peer group"", ""temporal_validity"": ""context-dependent"", ""confidence"": 0.875, ""evidence"": [""This draft is addressed to a professor, so the audience requires formality."", ""The formal request applies only to academic or official recipients."", ""Make this draft professional and formal.""], ""permission"": ""response_personalization"", ""profile_variant"": ""scoped""}",rule,,writing_formality,scoped,user,contextual_preference,context-dependent
48,education_examples-test-015-outside-scoped,education_examples-test-015,education_examples-test-015-outside,test,education_examples,education,scoped,outside,outside,"Session 1: For reference sheets, I prefer compact definitions without examples.
Session 2: There was an unrelated request to rename several documents.
Session 3: Use examples rather than only abstract definitions.
Session 4: The request for examples applies only to abstract learning sessions.
Session 5: Another short conversation concerned a book recommendation.
Session 6: This concept is unusually abstract, so examples are needed for this topic.
Session 7: It is not required in every educational response.","I need a compact reference entry, not a worked example.",IGNORE,example-driven teaching,user,contextual_preference,context-dependent,"the concept is abstract, unfamiliar, or explicitly taught for understanding","the user requests a compact reference, formula sheet, or glossary entry","Is this for learning the idea, or for a compact reference sheet?",I will include concrete examples and connect them to the abstract idea.,I will keep this as a compact reference without adding worked examples.,IGNORE,not_evaluated,0.875,,IGNORE,llm_label,"{""preference"": ""example-driven teaching"", ""family"": ""education_examples"", ""owner"": ""user"", ""information_type"": ""contextual_preference"", ""applies_when"": ""the concept is abstract, unfamiliar, or explicitly taught for understanding"", ""does_not_apply_when"": ""the user requests a compact reference, formula sheet, or glossary entry"", ""temporal_validity"": ""context-dependent"", ""confidence"": 0.875, ""evidence"": [""For reference sheets, I prefer compact definitions without examples."", ""Use examples rather than only abstract definitions."", ""This concept is unusually abstract, so examples are needed for this topic.""], ""permission"": ""response_personalization"", ""profile_variant"": ""scoped""}",rule,,education_examples,scoped,user,contextual_preference,context-dependent
49,food_quick_meals-test-001-outside-scoped,food_quick_meals-test-001,food_quick_meals-test-001-outside,test,food_quick_meals,food,scoped,outside,outside,"Session 1: It is a temporary time constraint, not my general cooking preference.
Session 2: This week I have an unusually heavy deadline.
Session 3: Normally I enjoy slow cooking when my schedule is open.
Session 4: For this request, prioritize speed and convenience.
Session 5: We also discussed a calendar reminder for next month.
Session 6: We also discussed the weather for an unrelated day trip.
Session 7: The quick-meal request applies only during the deadline period.",Work is finished and I have the whole afternoon to cook.,IGNORE,quick-to-prepare meals,user,current_goal,context-dependent,the user is currently facing a deadline or has very limited cooking time,the deadline has passed and the user has time for relaxed cooking,"Are you still under time pressure, or do you have time for a longer recipe?","I will prioritize a fast, low-preparation meal.",I will consider a more involved recipe instead of assuming you are still time-constrained.,APPLY,not_evaluated,0.925,,APPLY,llm_label,"{""preference"": ""quick-to-prepare meals"", ""family"": ""food_quick_meals"", ""owner"": ""user"", ""information_type"": ""current_goal"", ""applies_when"": ""the user is currently facing a deadline or has very limited cooking time"", ""does_not_apply_when"": ""the deadline has passed and the user has time for relaxed cooking"", ""temporal_validity"": ""context-dependent"", ""confidence"": 0.925, ""evidence"": [""For this request, prioritize speed and convenience."", ""The quick-meal request applies only during the deadline period."", ""It is a temporary time constraint, not my general cooking preference.""], ""permission"": ""response_personalization"", ""profile_variant"": ""scoped""}",rule,,food_quick_meals,scoped,user,current_goal,context-dependent
50,writing_conciseness-test-012-inside-stable,writing_conciseness-test-012,writing_conciseness-test-012-inside,test,writing_conciseness,writing,stable,inside,inside,"Session 1: Across our conversations, short responses are my default.
Session 2: There was a separate exchange about organizing files on a laptop.
Session 3: Brevity is a persistent interaction preference for me.
Session 4: We briefly talked about a grocery list for the weekend.
Session 5: I generally prefer concise answers across most tasks.
Session 6: Please keep this answer short and direct.
Session 7: Even when I have time, I usually want the direct answer first.",Treat this as a rapid-fire question and keep it brief.,APPLY,concise answers,user,trait_preference,persistent,broadly across relevant situations,only when explicitly overridden or corrected,"Would you like only the final answer, or a detailed step-by-step explanation?",I will keep the answer concise and give the main result first.,I will not force the earlier brevity preference onto this learning request.,APPLY,not_evaluated,0.935,,APPLY,llm_label,"{""preference"": ""concise answers"", ""family"": ""writing_conciseness"", ""owner"": ""user"", ""information_type"": ""trait_preference"", ""applies_when"": ""broadly across relevant situations"", ""does_not_apply_when"": ""only when explicitly overridden or corrected"", ""temporal_validity"": ""persistent"", ""confidence"": 0.935, ""evidence"": [""I generally prefer concise answers across most tasks."", ""Please keep this answer short and direct."", ""Even when I have time, I usually want the direct answer first.""], ""permission"": ""response_personalization"", ""profile_variant"": ""stable""}",rule,,writing_conciseness,stable,user,trait_preference,persistent
51,food_vegetarian-test-000-near-scoped,food_vegetarian-test-000,food_vegetarian-test-000-near,test,food_vegetarian,food,scoped,near,near,"Session 1: It should not be stored as my own general diet.
Session 2: We also discussed a calendar reminder for next month.
Session 3: There was an unrelated request to rename several documents.
Session 4: I normally eat meat and fish myself.
Session 5: This meat-free request applies only when I am cooking for her.
Session 6: For this request, avoid meat and fish.
Session 7: The vegetarian guest is my sister, not me.","Recommend food, but I have not confirmed whether my sister is attending.",CLARIFY,vegetarian meals,sister,other_owner,context-dependent,the meal is for the vegetarian sister or another explicitly vegetarian guest,the meal is for the user alone and no vegetarian guest is involved,"Is this meal for you, or for the vegetarian guest you mentioned?",I will recommend a fully vegetarian meal.,I will not treat another person's diet as your own preference.,CLARIFY,not_evaluated,0.8125,,CLARIFY,llm_label,"{""preference"": ""vegetarian meals"", ""family"": ""food_vegetarian"", ""owner"": ""sister"", ""information_type"": ""other_owner"", ""applies_when"": ""the meal is for the vegetarian sister or another explicitly vegetarian guest"", ""does_not_apply_when"": ""the meal is for the user alone and no vegetarian guest is involved"", ""temporal_validity"": ""context-dependent"", ""confidence"": 0.8125, ""evidence"": [""The vegetarian guest is my sister, not me."", ""There was an unrelated request to rename several documents."", ""This meat-free request applies only when I am cooking for her.""], ""permission"": ""response_personalization"", ""profile_variant"": ""scoped""}",rule,,food_vegetarian,scoped,sister,other_owner,context-dependent
52,travel_comfort-test-006-near-scoped,travel_comfort-test-006,travel_comfort-test-006-near,test,travel_comfort,travel,scoped,near,near,"Session 1: Extra comfort is medically useful during this recovery period.
Session 2: This comfort requirement is temporary, not a universal preference.
Session 3: We briefly talked about a grocery list for the weekend.
Session 4: There was a separate exchange about organizing files on a laptop.
Session 5: For this trip, choose the most comfortable option.
Session 6: I am recovering from a temporary back injury.
Session 7: After recovery, I usually accept basic low-cost travel.",My present recovery status has not been specified.,CLARIFY,high-comfort travel,user,temporary_state,context-dependent,"the user is currently injured, physically exhausted, or needs accessibility support",the user has recovered and is planning a routine low-cost trip,Do you still need extra comfort or accessibility support for this trip?,"I will prioritize comfort, accessibility, and a low-strain itinerary.",I will not assume the temporary comfort requirement still applies.,CLARIFY,not_evaluated,0.93,,CLARIFY,llm_label,"{""preference"": ""high-comfort travel"", ""family"": ""travel_comfort"", ""owner"": ""user"", ""information_type"": ""temporary_state"", ""applies_when"": ""the user is currently injured, physically exhausted, or needs accessibility support"", ""does_not_apply_when"": ""the user has recovered and is planning a routine low-cost trip"", ""temporal_validity"": ""context-dependent"", ""confidence"": 0.93, ""evidence"": [""For this trip, choose the most comfortable option."", ""Extra comfort is medically useful during this recovery period."", ""This comfort requirement is temporary, not a universal preference.""], ""permission"": ""response_personalization"", ""profile_variant"": ""scoped""}",rule,,travel_comfort,scoped,user,temporary_state,context-dependent
53,food_spiciness-test-002-outside-scoped,food_spiciness-test-002,food_spiciness-test-002-outside,test,food_spiciness,food,scoped,outside,outside,"Session 1: Normally I enjoy very spicy food.
Session 2: Another short conversation concerned a book recommendation.
Session 3: The mild-food request applies only during this treatment period.
Session 4: Another message asked for a summary of a news article.
Session 5: It is a temporary health constraint, not my usual taste.
Session 6: For this meal, avoid strong chili heat.
Session 7: My stomach is temporarily sensitive because of medication.",I have recovered and want a dish with plenty of heat.,IGNORE,mild food,user,temporary_state,context-dependent,the user is still taking the medication or has an active stomach problem,the treatment has ended and the stomach problem has resolved,"Is your stomach still sensitive, or has the temporary restriction ended?",I will recommend a mild dish with little or no chili heat.,I will not assume the temporary mild-food restriction still applies.,APPLY,not_evaluated,0.93,,APPLY,llm_label,"{""preference"": ""mild food"", ""family"": ""food_spiciness"", ""owner"": ""user"", ""information_type"": ""temporary_state"", ""applies_when"": ""the user is still taking the medication or has an active stomach problem"", ""does_not_apply_when"": ""the treatment has ended and the stomach problem has resolved"", ""temporal_validity"": ""context-dependent"", ""confidence"": 0.93, ""evidence"": [""My stomach is temporarily sensitive because of medication."", ""The mild-food request applies only during this treatment period."", ""For this meal, avoid strong chili heat.""], ""permission"": ""response_personalization"", ""profile_variant"": ""scoped""}",rule,,food_spiciness,scoped,user,temporary_state,context-dependent
54,travel_proximity-test-001-near-scoped,travel_proximity-test-001,travel_proximity-test-001-near,test,travel_proximity,travel,scoped,near,near,"Session 1: The tight schedule makes proximity important only for this trip.
Session 2: The walking-distance request is not a general preference.
Session 3: This is a one-day business visit with meetings from early morning.
Session 4: Another message asked for a summary of a news article.
Session 5: For this trip, prioritize walking distance to the destination.
Session 6: There was a separate exchange about organizing files on a laptop.
Session 7: On normal vacations, I prefer quieter hotels outside crowded centers.",The purpose and schedule of the visit are still unclear.,CLARIFY,accommodation close to the destination,user,current_goal,context-dependent,the trip is a short business visit with a tightly packed schedule,the trip is a relaxed multi-day leisure vacation,"Is this a tightly scheduled short visit, or a relaxed leisure trip?",I will prioritize hotels close to the main destination.,I will consider quieter or more comfortable areas instead of assuming proximity is essential.,CLARIFY,not_evaluated,0.93,,CLARIFY,llm_label,"{""preference"": ""accommodation close to the destination"", ""family"": ""travel_proximity"", ""owner"": ""user"", ""information_type"": ""current_goal"", ""applies_when"": ""the trip is a short business visit with a tightly packed schedule"", ""does_not_apply_when"": ""the trip is a relaxed multi-day leisure vacation"", ""temporal_validity"": ""context-dependent"", ""confidence"": 0.93, ""evidence"": [""For this trip, prioritize walking distance to the destination."", ""The walking-distance request is not a general preference."", ""The tight schedule makes proximity important only for this trip.""], ""permission"": ""response_personalization"", ""profile_variant"": ""scoped""}",rule,,travel_proximity,scoped,user,current_goal,context-dependent
55,writing_conciseness-test-014-near-scoped,writing_conciseness-test-014,writing_conciseness-test-014-near,test,writing_conciseness,writing,scoped,near,near,"Session 1: The short answer is only for time-pressured situations.
Session 2: We also discussed the weather for an unrelated day trip.
Session 3: This is not a general preference for every conversation.
Session 4: A different session was about fixing a small Python error.
Session 5: When learning something new, I normally want a detailed explanation.
Session 6: For this request, give me only the key points.
Session 7: I am about to join a meeting, so this request is unusually urgent.",Should this be a quick answer or a tutorial? I have not decided.,CLARIFY,concise answers,user,temporary_state,context-dependent,"the request is urgent, exam-like, or explicitly asks for a direct answer",the user is learning a new concept or preparing a detailed presentation,"Would you like only the final answer, or a detailed step-by-step explanation?",I will keep the answer concise and give the main result first.,I will not force the earlier brevity preference onto this learning request.,CLARIFY,not_evaluated,0.9225,,CLARIFY,llm_label,"{""preference"": ""concise answers"", ""family"": ""writing_conciseness"", ""owner"": ""user"", ""information_type"": ""temporary_state"", ""applies_when"": ""the request is urgent, exam-like, or explicitly asks for a direct answer"", ""does_not_apply_when"": ""the user is learning a new concept or preparing a detailed presentation"", ""temporal_validity"": ""context-dependent"", ""confidence"": 0.9225, ""evidence"": [""When learning something new, I normally want a detailed explanation."", ""For this request, give me only the key points."", ""I am about to join a meeting, so this request is unusually urgent.""], ""permission"": ""response_personalization"", ""profile_variant"": ""scoped""}",rule,,writing_conciseness,scoped,user,temporary_state,context-dependent
56,travel_proximity-test-007-outside-scoped,travel_proximity-test-007,travel_proximity-test-007-outside,test,travel_proximity,travel,scoped,outside,outside,"Session 1: On normal vacations, I prefer quieter hotels outside crowded centers.
Session 2: We briefly talked about a grocery list for the weekend.
Session 3: This is a one-day business visit with meetings from early morning.
Session 4: The tight schedule makes proximity important only for this trip.
Session 5: A different session was about fixing a small Python error.
Session 6: For this trip, prioritize walking distance to the destination.
Session 7: The walking-distance request is not a general preference.",I have a long holiday and do not mind traveling to attractions.,IGNORE,accommodation close to the destination,user,current_goal,context-dependent,the trip is a short business visit with a tightly packed schedule,the trip is a relaxed multi-day leisure vacation,"Is this a tightly scheduled short visit, or a relaxed leisure trip?",I will prioritize hotels close to the main destination.,I will consider quieter or more comfortable areas instead of assuming proximity is essential.,APPLY,not_evaluated,0.93,,APPLY,llm_label,"{""preference"": ""accommodation close to the destination"", ""family"": ""travel_proximity"", ""owner"": ""user"", ""information_type"": ""current_goal"", ""applies_when"": ""the trip is a short business visit with a tightly packed schedule"", ""does_not_apply_when"": ""the trip is a relaxed multi-day leisure vacation"", ""temporal_validity"": ""context-dependent"", ""confidence"": 0.93, ""evidence"": [""For this trip, prioritize walking distance to the destination."", ""The walking-distance request is not a general preference."", ""On normal vacations, I prefer quieter hotels outside crowded centers.""], ""permission"": ""response_personalization"", ""profile_variant"": ""scoped""}",rule,,travel_proximity,scoped,user,current_goal,context-dependent
57,food_spiciness-test-006-outside-scoped,food_spiciness-test-006,food_spiciness-test-006-outside,test,food_spiciness,food,scoped,outside,outside,"Session 1: It is a temporary health constraint, not my usual taste.
Session 2: Please make the dish mild rather than spicy.
Session 3: We also discussed a calendar reminder for next month.
Session 4: My stomach is temporarily sensitive because of medication.
Session 5: We briefly talked about a grocery list for the weekend.
Session 6: The mild-food request applies only during this treatment period.
Session 7: Normally I enjoy very spicy food.",I have recovered and want a dish with plenty of heat.,IGNORE,mild food,user,temporary_state,context-dependent,the user is still taking the medication or has an active stomach problem,the treatment has ended and the stomach problem has resolved,"Is your stomach still sensitive, or has the temporary restriction ended?",I will recommend a mild dish with little or no chili heat.,I will not assume the temporary mild-food restriction still applies.,IGNORE,not_evaluated,0.93,,IGNORE,llm_label,"{""preference"": ""mild food"", ""family"": ""food_spiciness"", ""owner"": ""user"", ""information_type"": ""temporary_state"", ""applies_when"": ""the user is still taking the medication or has an active stomach problem"", ""does_not_apply_when"": ""the treatment has ended and the stomach problem has resolved"", ""temporal_validity"": ""context-dependent"", ""confidence"": 0.93, ""evidence"": [""Please make the dish mild rather than spicy."", ""My stomach is temporarily sensitive because of medication."", ""The mild-food request applies only during this treatment period.""], ""permission"": ""response_personalization"", ""profile_variant"": ""scoped""}",rule,,food_spiciness,scoped,user,temporary_state,context-dependent
58,travel_budget-test-010-outside-scoped,travel_budget-test-010,travel_budget-test-010-outside,test,travel_budget,travel,scoped,outside,outside,"Session 1: The low-price request is only for this capped trip.
Session 2: Cheap accommodation is not a general travel preference for me.
Session 3: A different session was about fixing a small Python error.
Session 4: I usually enjoy comfortable premium hotels.
Session 5: Recommend an inexpensive hotel that is still acceptable.
Session 6: There was a separate exchange about organizing files on a laptop.
Session 7: This trip is different because the university reimbursement cap is strict.","Accommodation is completely reimbursed, without a price ceiling.",IGNORE,budget-conscious accommodation,user,temporary_constraint,context-dependent,the traveler is paying personally or a strict reimbursement cap applies,the trip is fully reimbursed without a cap,"Will you pay personally, or is this trip reimbursed without a cap?","I will prioritize inexpensive, clean accommodation.",I will consider comfort and quality rather than assuming price is the main criterion.,APPLY,not_evaluated,0.93,,APPLY,llm_label,"{""preference"": ""budget-conscious accommodation"", ""family"": ""travel_budget"", ""owner"": ""user"", ""information_type"": ""temporary_constraint"", ""applies_when"": ""the traveler is paying personally or a strict reimbursement cap applies"", ""does_not_apply_when"": ""the trip is fully reimbursed without a cap"", ""temporal_validity"": ""context-dependent"", ""confidence"": 0.93, ""evidence"": [""Recommend an inexpensive hotel that is still acceptable."", ""This trip is different because the university reimbursement cap is strict."", ""Cheap accommodation is not a general travel preference for me.""], ""permission"": ""response_personalization"", ""profile_variant"": ""scoped""}",rule,,travel_budget,scoped,user,temporary_constraint,context-dependent
59,travel_proximity-test-009-near-scoped,travel_proximity-test-009,travel_proximity-test-009-near,test,travel_proximity,travel,scoped,near,near,"Session 1: The tight schedule makes proximity important only for this trip.
Session 2: The walking-distance request is not a general preference.
Session 3: This is a one-day business visit with meetings from early morning.
Session 4: There was a separate exchange about organizing files on a laptop.
Session 5: Find a hotel as close to the venue as possible.
Session 6: We briefly talked about a grocery list for the weekend.
Session 7: On normal vacations, I prefer quieter hotels outside crowded centers.","Suggest lodging, although I have not decided the trip itinerary.",CLARIFY,accommodation close to the destination,user,current_goal,context-dependent,the trip is a short business visit with a tightly packed schedule,the trip is a relaxed multi-day leisure vacation,"Is this a tightly scheduled short visit, or a relaxed leisure trip?",I will prioritize hotels close to the main destination.,I will consider quieter or more comfortable areas instead of assuming proximity is essential.,APPLY,not_evaluated,0.9025,,APPLY,llm_label,"{""preference"": ""accommodation close to the destination"", ""family"": ""travel_proximity"", ""owner"": ""user"", ""information_type"": ""current_goal"", ""applies_when"": ""the trip is a short business visit with a tightly packed schedule"", ""does_not_apply_when"": ""the trip is a relaxed multi-day leisure vacation"", ""temporal_validity"": ""context-dependent"", ""confidence"": 0.9025, ""evidence"": [""The walking-distance request is not a general preference."", ""The tight schedule makes proximity important only for this trip."", ""This is a one-day business visit with meetings from early morning.""], ""permission"": ""response_personalization"", ""profile_variant"": ""scoped""}",rule,,travel_proximity,scoped,user,current_goal,context-dependent
60,writing_formality-test-012-near-scoped,writing_formality-test-012,writing_formality-test-012-near,test,writing_formality,writing,scoped,near,near,"Session 1: The formal request applies only to academic or official recipients.
Session 2: I use a relaxed tone with friends and close teammates.
Session 3: We also discussed a calendar reminder for next month.
Session 4: A different session was about fixing a small Python error.
Session 5: Make this draft professional and formal.
Session 6: It is an audience-specific requirement, not my universal style.
Session 7: This draft is addressed to a professor, so the audience requires formality.","Adjust the tone, but the recipient has not been decided.",CLARIFY,formal writing style,user,contextual_preference,context-dependent,"the recipient is a professor, administrator, employer, or other official audience",the recipient is a close friend or an informal peer group,Who is the recipient: an official contact or someone you know casually?,"I will use a formal, professional tone suitable for the recipient.",I will use a natural informal tone rather than transferring the official style.,CLARIFY,not_evaluated,0.875,,CLARIFY,llm_label,"{""preference"": ""formal writing style"", ""family"": ""writing_formality"", ""owner"": ""user"", ""information_type"": ""contextual_preference"", ""applies_when"": ""the recipient is a professor, administrator, employer, or other official audience"", ""does_not_apply_when"": ""the recipient is a close friend or an informal peer group"", ""temporal_validity"": ""context-dependent"", ""confidence"": 0.875, ""evidence"": [""The formal request applies only to academic or official recipients."", ""This draft is addressed to a professor, so the audience requires formality."", ""Make this draft professional and formal.""], ""permission"": ""response_personalization"", ""profile_variant"": ""scoped""}",rule,,writing_formality,scoped,user,contextual_preference,context-dependent
61,food_spiciness-test-006-near-scoped,food_spiciness-test-006,food_spiciness-test-006-near,test,food_spiciness,food,scoped,near,near,"Session 1: It is a temporary health constraint, not my usual taste.
Session 2: Please make the dish mild rather than spicy.
Session 3: We also discussed a calendar reminder for next month.
Session 4: My stomach is temporarily sensitive because of medication.
Session 5: We briefly talked about a grocery list for the weekend.
Session 6: The mild-food request applies only during this treatment period.
Session 7: Normally I enjoy very spicy food.",I have not said whether the medicine course is complete.,CLARIFY,mild food,user,temporary_state,context-dependent,the user is still taking the medication or has an active stomach problem,the treatment has ended and the stomach problem has resolved,"Is your stomach still sensitive, or has the temporary restriction ended?",I will recommend a mild dish with little or no chili heat.,I will not assume the temporary mild-food restriction still applies.,CLARIFY,not_evaluated,0.93,,CLARIFY,llm_label,"{""preference"": ""mild food"", ""family"": ""food_spiciness"", ""owner"": ""user"", ""information_type"": ""temporary_state"", ""applies_when"": ""the user is still taking the medication or has an active stomach problem"", ""does_not_apply_when"": ""the treatment has ended and the stomach problem has resolved"", ""temporal_validity"": ""context-dependent"", ""confidence"": 0.93, ""evidence"": [""Please make the dish mild rather than spicy."", ""My stomach is temporarily sensitive because of medication."", ""The mild-food request applies only during this treatment period.""], ""permission"": ""response_personalization"", ""profile_variant"": ""scoped""}",rule,,food_spiciness,scoped,user,temporary_state,context-dependent
62,food_spiciness-test-011-near-scoped,food_spiciness-test-011,food_spiciness-test-011-near,test,food_spiciness,food,scoped,near,near,"Session 1: It is a temporary health constraint, not my usual taste.
Session 2: Normally I enjoy very spicy food.
Session 3: The mild-food request applies only during this treatment period.
Session 4: There was an unrelated request to rename several documents.
Session 5: For this meal, avoid strong chili heat.
Session 6: We also discussed the weather for an unrelated day trip.
Session 7: My stomach is temporarily sensitive because of medication.",I have not said whether the medicine course is complete.,CLARIFY,mild food,user,temporary_state,context-dependent,the user is still taking the medication or has an active stomach problem,the treatment has ended and the stomach problem has resolved,"Is your stomach still sensitive, or has the temporary restriction ended?",I will recommend a mild dish with little or no chili heat.,I will not assume the temporary mild-food restriction still applies.,CLARIFY,not_evaluated,0.93,,CLARIFY,llm_label,"{""preference"": ""mild food"", ""family"": ""food_spiciness"", ""owner"": ""user"", ""information_type"": ""temporary_state"", ""applies_when"": ""the user is still taking the medication or has an active stomach problem"", ""does_not_apply_when"": ""the treatment has ended and the stomach problem has resolved"", ""temporal_validity"": ""context-dependent"", ""confidence"": 0.93, ""evidence"": [""My stomach is temporarily sensitive because of medication."", ""The mild-food request applies only during this treatment period."", ""For this meal, avoid strong chili heat.""], ""permission"": ""response_personalization"", ""profile_variant"": ""scoped""}",rule,,food_spiciness,scoped,user,temporary_state,context-dependent
63,education_detail-test-009-outside-scoped,education_detail-test-009,education_detail-test-009-outside,test,education_detail,education,scoped,outside,outside,"Session 1: This topic is new to me, so I need extra detail for this lesson.
Session 2: It is not a universal response-style preference.
Session 3: For routine checks and timed quizzes, I usually want only the answer.
Session 4: Another short conversation concerned a book recommendation.
Session 5: There was a separate exchange about organizing files on a laptop.
Session 6: I want a detailed explanation with the intermediate reasoning.
Session 7: The detailed request is limited to unfamiliar learning material.",I only need a quick correctness check on a familiar exercise.,IGNORE,detailed step-by-step explanations,user,current_goal,context-dependent,the user is learning unfamiliar material or explicitly studying for understanding,the user is checking a known result or taking a timed quiz,"Are you learning this from scratch, or do you only want the final answer checked?",I will explain the method carefully and include the intermediate steps.,I will provide a concise verification rather than a full tutorial.,APPLY,not_evaluated,0.875,,APPLY,llm_label,"{""preference"": ""detailed step-by-step explanations"", ""family"": ""education_detail"", ""owner"": ""user"", ""information_type"": ""current_goal"", ""applies_when"": ""the user is learning unfamiliar material or explicitly studying for understanding"", ""does_not_apply_when"": ""the user is checking a known result or taking a timed quiz"", ""temporal_validity"": ""context-dependent"", ""confidence"": 0.875, ""evidence"": [""I want a detailed explanation with the intermediate reasoning."", ""The detailed request is limited to unfamiliar learning material."", ""This topic is new to me, so I need extra detail for this lesson.""], ""permission"": ""response_personalization"", ""profile_variant"": ""scoped""}",rule,,education_detail,scoped,user,current_goal,context-dependent
64,education_detail-test-005-near-scoped,education_detail-test-005,education_detail-test-005-near,test,education_detail,education,scoped,near,near,"Session 1: For routine checks and timed quizzes, I usually want only the answer.
Session 2: It is not a universal response-style preference.
Session 3: The detailed request is limited to unfamiliar learning material.
Session 4: I want a detailed explanation with the intermediate reasoning.
Session 5: A different session was about fixing a small Python error.
Session 6: Another short conversation concerned a book recommendation.
Session 7: This topic is new to me, so I need extra detail for this lesson.",Choose the amount of explanation; my current goal is unclear.,CLARIFY,detailed step-by-step explanations,user,current_goal,context-dependent,the user is learning unfamiliar material or explicitly studying for understanding,the user is checking a known result or taking a timed quiz,"Are you learning this from scratch, or do you only want the final answer checked?",I will explain the method carefully and include the intermediate steps.,I will provide a concise verification rather than a full tutorial.,CLARIFY,not_evaluated,0.875,,CLARIFY,llm_label,"{""preference"": ""detailed step-by-step explanations"", ""family"": ""education_detail"", ""owner"": ""user"", ""information_type"": ""current_goal"", ""applies_when"": ""the user is learning unfamiliar material or explicitly studying for understanding"", ""does_not_apply_when"": ""the user is checking a known result or taking a timed quiz"", ""temporal_validity"": ""context-dependent"", ""confidence"": 0.875, ""evidence"": [""The detailed request is limited to unfamiliar learning material."", ""I want a detailed explanation with the intermediate reasoning."", ""For routine checks and timed quizzes, I usually want only the answer.""], ""permission"": ""response_personalization"", ""profile_variant"": ""scoped""}",rule,,education_detail,scoped,user,current_goal,context-dependent
65,travel_budget-test-012-outside-scoped,travel_budget-test-012,travel_budget-test-012-outside,test,travel_budget,travel,scoped,outside,outside,"Session 1: The low-price request is only for this capped trip.
Session 2: I usually enjoy comfortable premium hotels.
Session 3: Another message asked for a summary of a news article.
Session 4: We briefly talked about a grocery list for the weekend.
Session 5: Recommend an inexpensive hotel that is still acceptable.
Session 6: Cheap accommodation is not a general travel preference for me.
Session 7: This trip is different because the university reimbursement cap is strict.","Accommodation is completely reimbursed, without a price ceiling.",IGNORE,budget-conscious accommodation,user,temporary_constraint,context-dependent,the traveler is paying personally or a strict reimbursement cap applies,the trip is fully reimbursed without a cap,"Will you pay personally, or is this trip reimbursed without a cap?","I will prioritize inexpensive, clean accommodation.",I will consider comfort and quality rather than assuming price is the main criterion.,APPLY,not_evaluated,0.93,,APPLY,llm_label,"{""preference"": ""budget-conscious accommodation"", ""family"": ""travel_budget"", ""owner"": ""user"", ""information_type"": ""temporary_constraint"", ""applies_when"": ""the traveler is paying personally or a strict reimbursement cap applies"", ""does_not_apply_when"": ""the trip is fully reimbursed without a cap"", ""temporal_validity"": ""context-dependent"", ""confidence"": 0.93, ""evidence"": [""Recommend an inexpensive hotel that is still acceptable."", ""This trip is different because the university reimbursement cap is strict."", ""Cheap accommodation is not a general travel preference for me.""], ""permission"": ""response_personalization"", ""profile_variant"": ""scoped""}",rule,,travel_budget,scoped,user,temporary_constraint,context-dependent
66,travel_proximity-test-011-outside-scoped,travel_proximity-test-011,travel_proximity-test-011-outside,test,travel_proximity,travel,scoped,outside,outside,"Session 1: On normal vacations, I prefer quieter hotels outside crowded centers.
Session 2: Find a hotel as close to the venue as possible.
Session 3: We also discussed a calendar reminder for next month.
Session 4: The tight schedule makes proximity important only for this trip.
Session 5: Another message asked for a summary of a news article.
Session 6: This is a one-day business visit with meetings from early morning.
Session 7: The walking-distance request is not a general preference.",I have a long holiday and do not mind traveling to attractions.,IGNORE,accommodation close to the destination,user,current_goal,context-dependent,the trip is a short business visit with a tightly packed schedule,the trip is a relaxed multi-day leisure vacation,"Is this a tightly scheduled short visit, or a relaxed leisure trip?",I will prioritize hotels close to the main destination.,I will consider quieter or more comfortable areas instead of assuming proximity is essential.,APPLY,not_evaluated,0.9025,,APPLY,llm_label,"{""preference"": ""accommodation close to the destination"", ""family"": ""travel_proximity"", ""owner"": ""user"", ""information_type"": ""current_goal"", ""applies_when"": ""the trip is a short business visit with a tightly packed schedule"", ""does_not_apply_when"": ""the trip is a relaxed multi-day leisure vacation"", ""temporal_validity"": ""context-dependent"", ""confidence"": 0.9025, ""evidence"": [""The walking-distance request is not a general preference."", ""On normal vacations, I prefer quieter hotels outside crowded centers."", ""Find a hotel as close to the venue as possible.""], ""permission"": ""response_personalization"", ""profile_variant"": ""scoped""}",rule,,travel_proximity,scoped,user,current_goal,context-dependent
67,education_answer_only-test-001-near-scoped,education_answer_only-test-001,education_answer_only-test-001-near,test,education_answer_only,education,scoped,near,near,"Session 1: Outside timed practice, I normally want explanations and hints.
Session 2: It is a temporary task constraint, not my general learning style.
Session 3: There was an unrelated request to rename several documents.
Session 4: Just tell me the correct answer.
Session 5: This is a timed practice round, so I need only the answer right now.
Session 6: Another message asked for a summary of a news article.
Session 7: The answer-only request is limited to speed drills.","Respond to the problem, but I have not described the learning context.",CLARIFY,answer-only assistance,user,temporary_constraint,context-dependent,"the user is in a timed drill, speed test, or explicitly requests answer-only output","the user is studying, reviewing mistakes, or asks for conceptual understanding","Is this a timed drill where you want only the answer, or a study question requiring explanation?",I will provide only the final answer.,I will explain the reasoning because the answer-only constraint does not apply here.,APPLY,not_evaluated,0.79,,APPLY,llm_label,"{""preference"": ""concise answers"", ""family"": ""writing_conciseness"", ""owner"": ""user"", ""information_type"": ""temporary_state"", ""applies_when"": ""the request is urgent, exam-like, or explicitly asks for a direct answer"", ""does_not_apply_when"": ""the user is learning a new concept or preparing a detailed presentation"", ""temporal_validity"": ""context-dependent"", ""confidence"": 0.79, ""evidence"": [""The answer-only request is limited to speed drills."", ""It is a temporary task constraint, not my general learning style."", ""There was an unrelated request to rename several documents.""], ""permission"": ""response_personalization"", ""profile_variant"": ""scoped""}",rule,,writing_conciseness,scoped,user,temporary_state,context-dependent
68,writing_directness-test-006-near-scoped,writing_directness-test-006,writing_directness-test-006-near,test,writing_directness,writing,scoped,near,near,"Session 1: For emotional or conflict-sensitive conversations, I prefer gentler wording.
Session 2: It is not my general approach for every audience.
Session 3: There was an unrelated request to rename several documents.
Session 4: We also discussed the weather for an unrelated day trip.
Session 5: Remove hedging and state the request clearly.
Session 6: The direct style is limited to operational requests.
Session 7: This is an internal logistics message where speed matters.","Write the message, although I have not said whether this is a conflict.",CLARIFY,direct communication,user,contextual_preference,context-dependent,"the message concerns logistics, deadlines, or clear task assignment","the message addresses grief, conflict, rejection, or another sensitive situation","Is this a routine logistical request, or a sensitive interpersonal message?",I will state the request directly and remove unnecessary hedging.,I will use gentler wording because the earlier direct style does not fit this context.,CLARIFY,not_evaluated,0.8475,,CLARIFY,llm_label,"{""preference"": ""direct communication"", ""family"": ""writing_directness"", ""owner"": ""user"", ""information_type"": ""contextual_preference"", ""applies_when"": ""the message concerns logistics, deadlines, or clear task assignment"", ""does_not_apply_when"": ""the message addresses grief, conflict, rejection, or another sensitive situation"", ""temporal_validity"": ""context-dependent"", ""confidence"": 0.8475, ""evidence"": [""Remove hedging and state the request clearly."", ""For emotional or conflict-sensitive conversations, I prefer gentler wording."", ""The direct style is limited to operational requests.""], ""permission"": ""response_personalization"", ""profile_variant"": ""scoped""}",rule,,writing_directness,scoped,user,contextual_preference,context-dependent
69,writing_directness-test-009-near-scoped,writing_directness-test-009,writing_directness-test-009-near,test,writing_directness,writing,scoped,near,near,"Session 1: For emotional or conflict-sensitive conversations, I prefer gentler wording.
Session 2: Another short conversation concerned a book recommendation.
Session 3: The direct style is limited to operational requests.
Session 4: A different session was about fixing a small Python error.
Session 5: This is an internal logistics message where speed matters.
Session 6: Please make the message very direct.
Session 7: It is not my general approach for every audience.","Write the message, although I have not said whether this is a conflict.",CLARIFY,direct communication,user,contextual_preference,context-dependent,"the message concerns logistics, deadlines, or clear task assignment","the message addresses grief, conflict, rejection, or another sensitive situation","Is this a routine logistical request, or a sensitive interpersonal message?",I will state the request directly and remove unnecessary hedging.,I will use gentler wording because the earlier direct style does not fit this context.,APPLY,not_evaluated,0.8475,,APPLY,llm_label,"{""preference"": ""direct communication"", ""family"": ""writing_directness"", ""owner"": ""user"", ""information_type"": ""contextual_preference"", ""applies_when"": ""the message concerns logistics, deadlines, or clear task assignment"", ""does_not_apply_when"": ""the message addresses grief, conflict, rejection, or another sensitive situation"", ""temporal_validity"": ""context-dependent"", ""confidence"": 0.8475, ""evidence"": [""Please make the message very direct."", ""For emotional or conflict-sensitive conversations, I prefer gentler wording."", ""The direct style is limited to operational requests.""], ""permission"": ""response_personalization"", ""profile_variant"": ""scoped""}",rule,,writing_directness,scoped,user,contextual_preference,context-dependent
70,travel_comfort-test-015-near-scoped,travel_comfort-test-015,travel_comfort-test-015-near,test,travel_comfort,travel,scoped,near,near,"Session 1: Extra comfort is medically useful during this recovery period.
Session 2: This comfort requirement is temporary, not a universal preference.
Session 3: There was a separate exchange about organizing files on a laptop.
Session 4: Prioritize comfort over saving a small amount of money.
Session 5: I am recovering from a temporary back injury.
Session 6: We also discussed the weather for an unrelated day trip.
Session 7: After recovery, I usually accept basic low-cost travel.","Recommend travel, but it is unclear whether I still need accessibility support.",CLARIFY,high-comfort travel,user,temporary_state,context-dependent,"the user is currently injured, physically exhausted, or needs accessibility support",the user has recovered and is planning a routine low-cost trip,Do you still need extra comfort or accessibility support for this trip?,"I will prioritize comfort, accessibility, and a low-strain itinerary.",I will not assume the temporary comfort requirement still applies.,CLARIFY,not_evaluated,0.9025,,CLARIFY,llm_label,"{""preference"": ""high-comfort travel"", ""family"": ""travel_comfort"", ""owner"": ""user"", ""information_type"": ""temporary_state"", ""applies_when"": ""the user is currently injured, physically exhausted, or needs accessibility support"", ""does_not_apply_when"": ""the user has recovered and is planning a routine low-cost trip"", ""temporal_validity"": ""context-dependent"", ""confidence"": 0.9025, ""evidence"": [""Prioritize comfort over saving a small amount of money."", ""Extra comfort is medically useful during this recovery period."", ""This comfort requirement is temporary, not a universal preference.""], ""permission"": ""response_personalization"", ""profile_variant"": ""scoped""}",rule,,travel_comfort,scoped,user,temporary_state,context-dependent
71,travel_comfort-test-011-outside-scoped,travel_comfort-test-011,travel_comfort-test-011-outside,test,travel_comfort,travel,scoped,outside,outside,"Session 1: Extra comfort is medically useful during this recovery period.
Session 2: After recovery, I usually accept basic low-cost travel.
Session 3: I am recovering from a temporary back injury.
Session 4: Another short conversation concerned a book recommendation.
Session 5: There was a separate exchange about organizing files on a laptop.
Session 6: Prioritize comfort over saving a small amount of money.
Session 7: This comfort requirement is temporary, not a universal preference.","Recovery is complete, so basic transportation is fine now.",IGNORE,high-comfort travel,user,temporary_state,context-dependent,"the user is currently injured, physically exhausted, or needs accessibility support",the user has recovered and is planning a routine low-cost trip,Do you still need extra comfort or accessibility support for this trip?,"I will prioritize comfort, accessibility, and a low-strain itinerary.",I will not assume the temporary comfort requirement still applies.,APPLY,not_evaluated,0.895,,APPLY,llm_label,"{""preference"": ""high-comfort travel"", ""family"": ""travel_comfort"", ""owner"": ""user"", ""information_type"": ""temporary_state"", ""applies_when"": ""the user is currently injured, physically exhausted, or needs accessibility support"", ""does_not_apply_when"": ""the user has recovered and is planning a routine low-cost trip"", ""temporal_validity"": ""context-dependent"", ""confidence"": 0.895, ""evidence"": [""Prioritize comfort over saving a small amount of money."", ""Extra comfort is medically useful during this recovery period."", ""After recovery, I usually accept basic low-cost travel.""], ""permission"": ""response_personalization"", ""profile_variant"": ""scoped""}",rule,,travel_comfort,scoped,user,temporary_state,context-dependent
