Index,example_id,group_id,twin_pair_id,split,family,domain,profile_variant,query_kind,zone,history,query,action,preference_label,owner,information_type,temporal_validity,applies_when,does_not_apply_when,clarification_question,apply_response,neutral_response,prediction,pred_relation,decision_confidence,generated_response,decision_raw_output,decision_parse_mode,structured_memory,memory_parse_mode,memory_raw_output,pred_family,pred_profile_variant,pred_owner,pred_information_type,pred_temporal_validity
0,writing_directness-test-004-outside-stable,writing_directness-test-004,writing_directness-test-004-outside,test,writing_directness,writing,stable,outside,inside,"Session 1: I generally value direct communication, even in sensitive discussions.
Session 2: Another short conversation concerned a book recommendation.
Session 3: Another message asked for a summary of a news article.
Session 4: Across contexts, I prefer people to state the point clearly.
Session 5: Remove hedging and state the request clearly.
Session 6: Avoiding unnecessary hedging is a persistent preference of mine.
Session 7: Direct wording is my default style.",Write a compassionate message to someone facing bad news.,APPLY,direct communication,user,trait_preference,persistent,broadly across relevant situations,only when explicitly overridden or corrected,"Is this a routine logistical request, or a sensitive interpersonal message?",I will state the request directly and remove unnecessary hedging.,I will use gentler wording because the earlier direct style does not fit this context.,IGNORE,mismatch,0.0,"The current query asks for a compassionate message in response to bad news, which which may not directly apply to your previous preferences related to writing directness.","{""action"":""IGNORE"",""relation"":""mismatch"",""confidence"":0.0,""response"":""The current query asks for a compassionate message in response to bad news, which which may not directly apply to your previous preferences related to writing directness."",""reason"":""The context of the current query (bad news) differs significantly from the previously stated preference (writing directness).""}",json,"{""preference"": ""write_directness"", ""family"": ""writing_directness"", ""owner"": ""session_history"", ""information_type"": ""persistent"", ""applies_when"": ""context-independent"", ""does_not_apply_when"": ""none"", ""temporal_validity"": ""persistent"", ""confidence"": 1.0, ""evidence"": [""Another short conversation concerned a book recommendation."", ""Across contexts, I prefer people to state the point clearly.""], ""permission"": ""response_personalization"", ""profile_variant"": ""stable""}",json,"{""preference"":""write_directness"",""family"":""stable"",""profile_variant"":""stable"",""owner"":""session_history"",""information_type"":""persistent"",""applies_when"":""context-independent"",""does_not_apply_when"":""none"",""temporal_validity"":""persistent"",""confidence"":1.0,""evidence"":[""Another short conversation concerned a book recommendation."",""Across contexts, I prefer people to state the point clearly.""], ""permission"":""response_personalization""}",writing_directness,stable,session_history,persistent,persistent
1,food_vegetarian-test-005-inside-stable,food_vegetarian-test-005,food_vegetarian-test-005-inside,test,food_vegetarian,food,stable,inside,inside,"Session 1: I am consistently vegetarian in my own meals.
Session 2: We also discussed the weather for an unrelated day trip.
Session 3: For this request, avoid meat and fish.
Session 4: There was an unrelated request to rename several documents.
Session 5: Vegetarian eating is a persistent personal preference.
Session 6: Even at celebrations, I choose vegetarian dishes.
Session 7: Across restaurants and home cooking, I avoid meat and fish.","Plan dinner for my sister, who still follows a vegetarian diet.",APPLY,vegetarian meals,user,trait_preference,persistent,broadly across relevant situations,only when explicitly overridden or corrected,"Is this meal for you, or for the vegetarian guest you mentioned?",I will recommend a fully vegetarian meal.,I will not treat another person's diet as your own preference.,IGNORE,mismatch,0.0,,"{""action"":""IGNORE"",""relation"":""mismatch"",""confidence"":0.0,""response"":"""",""reason"":""The query 'Plan dinner for my sister, who still follows a vegetarian diet' does not apply to the given information as it pertains to personal preferences rather than specific tasks.""}",json,"{""preference"": ""food_vegetarian"", ""family"": ""food_vegetarian"", ""owner"": ""me"", ""information_type"": ""persistent"", ""applies_when"": ""across_tasks"", ""does_not_apply_when"": ""unrelated_requests"", ""temporal_validity"": ""persistent"", ""confidence"": 1.0, ""evidence"": [""I am consistently vegetarian in my own meals."", ""Even at celebrations, I choose vegetarian dishes.""], ""permission"": ""response_personalization"", ""profile_variant"": ""stable""}",json,"{""preference"":""food_vegetarian"",""family"":""stable"",""profile_variant"":""stable"",""owner"":""me"",""information_type"":""persistent"",""applies_when"":""across_tasks"",""does_not_apply_when"":""unrelated_requests"",""temporal_validity"":""persistent"",""confidence"":1.0,""evidence"":[""I am consistently vegetarian in my own meals."",""Even at celebrations, I choose vegetarian dishes.""], ""permission"":""response_personalization""}",food_vegetarian,stable,me,persistent,persistent
2,food_quick_meals-test-001-near-scoped,food_quick_meals-test-001,food_quick_meals-test-001-near,test,food_quick_meals,food,scoped,near,near,"Session 1: It is a temporary time constraint, not my general cooking preference.
Session 2: This week I have an unusually heavy deadline.
Session 3: Normally I enjoy slow cooking when my schedule is open.
Session 4: For this request, prioritize speed and convenience.
Session 5: We also discussed a calendar reminder for next month.
Session 6: We also discussed the weather for an unrelated day trip.
Session 7: The quick-meal request applies only during the deadline period.",I have not said whether I am still busy or finally free.,CLARIFY,quick-to-prepare meals,user,current_goal,context-dependent,the user is currently facing a deadline or has very limited cooking time,the deadline has passed and the user has time for relaxed cooking,"Are you still under time pressure, or do you have time for a longer recipe?","I will prioritize a fast, low-preparation meal.",I will consider a more involved recipe instead of assuming you are still time-constrained.,IGNORE,unknown,0.0,,"{""action"":""IGNORE"",""relation"":""unknown"",""confidence"":0.0,""response"":"""",""reason"":""A material fact needed to distinguish APPLY from IGNORE is genuinely missing.""}",json,"{""preference"": ""write_directness"", ""family"": ""writing_directness"", ""owner"": ""session_3"", ""information_type"": ""temporary_constraint"", ""applies_when"": ""deadline_period"", ""does_not_apply_when"": ""weather_for_trip"", ""temporal_validity"": ""context-dependent"", ""confidence"": 0.8, ""evidence"": [""Normally I enjoy slow cooking when my schedule is open."", ""We also discussed a calendar reminder for next month.""], ""permission"": ""response_personalization"", ""profile_variant"": ""scoped""}",json,"{""preference"":""write_directness"",""family"":""scoped"",""profile_variant"":""scoped"",""owner"":""session_3"",""information_type"":""temporary_constraint"",""applies_when"":""deadline_period"",""does_not_apply_when"":""weather_for_trip"",""temporal_validity"":""context-dependent"",""confidence"":0.8,""evidence"":[""Normally I enjoy slow cooking when my schedule is open."",""We also discussed a calendar reminder for next month.""], ""permission"":""response_personalization""}",writing_directness,scoped,session_3,temporary_constraint,context-dependent
3,education_answer_only-test-015-near-stable,education_answer_only-test-015,education_answer_only-test-015-near,test,education_answer_only,education,stable,near,inside,"Session 1: I consistently prefer answer-only assistance for exercises.
Session 2: The final result is my persistent preference when asking for help.
Session 3: There was an unrelated request to rename several documents.
Session 4: Just tell me the correct answer.
Session 5: We briefly talked about a grocery list for the weekend.
Session 6: Across subjects, I usually work through the reasoning independently.
Session 7: Even without time pressure, I want only the answer.",I am unsure whether I want speed or explanation for this one.,APPLY,answer-only assistance,user,trait_preference,persistent,broadly across relevant situations,only when explicitly overridden or corrected,"Is this a timed drill where you want only the answer, or a study question requiring explanation?",I will provide only the final answer.,I will explain the reasoning because the answer-only constraint does not apply here.,IGNORE,unknown,0.0,,"{""action"":""IGNORE"",""relation"":""unknown"",""confidence"":0.0,""response"":"""",""reason"":""A material fact needed to distinguish APPLY from IGNORE is genuinely missing.""}",json,"{""preference"": ""education_answer_only"", ""family"": ""writing_conciseness"", ""owner"": ""writing_directness"", ""information_type"": ""temporary_constraint"", ""applies_when"": ""across_subjects"", ""does_not_apply_when"": ""time_pressure"", ""temporal_validity"": ""persistent"", ""confidence"": 0.9, ""evidence"": [""Just tell me the correct answer."", ""Across subjects, I usually work through the reasoning independently.""], ""permission"": ""response_personalization"", ""profile_variant"": ""stable""}",json,"{""preference"":""education_answer_only"",""family"":""stable"",""profile_variant"":""stable"",""owner"":""writing_directness"",""information_type"":""temporary_constraint"",""applies_when"":""across_subjects"",""does_not_apply_when"":""time_pressure"",""temporal_validity"":""persistent"",""confidence"":0.9,""evidence"":[""Just tell me the correct answer."",""Across subjects, I usually work through the reasoning independently.""], ""permission"":""response_personalization""}",writing_conciseness,stable,writing_directness,temporary_constraint,persistent
4,writing_formality-test-014-inside-stable,writing_formality-test-014,writing_formality-test-014-inside,test,writing_formality,writing,stable,inside,inside,"Session 1: Across audiences, I generally avoid casual expressions.
Session 2: Please rewrite this message in a formal tone.
Session 3: A formal tone is a stable writing preference for me.
Session 4: Another short conversation concerned a book recommendation.
Session 5: Professional language is my default even with familiar colleagues.
Session 6: We briefly talked about a grocery list for the weekend.
Session 7: I consistently prefer formal wording in written communication.",Help me write to a potential employer.,APPLY,formal writing style,user,trait_preference,persistent,broadly across relevant situations,only when explicitly overridden or corrected,Who is the recipient: an official contact or someone you know casually?,"I will use a formal, professional tone suitable for the recipient.",I will use a natural informal tone rather than transferring the official style.,IGNORE,unknown,0.0,,"{""action"":""IGNORE"",""relation"":""unknown"",""confidence"":0.0,""response"":"""",""reason"":""No clear boundary or preference information provided.""}",json,"{""preference"": ""write_formality"", ""family"": ""writing_formality"", ""owner"": ""none"", ""information_type"": ""none"", ""applies_when"": ""none"", ""does_not_apply_when"": ""none"", ""temporal_validity"": ""persistent"", ""confidence"": 0.9, ""evidence"": [""Across audiences, I generally avoid casual expressions."", ""Please rewrite this message in a formal tone."", ""A formal tone is a stable writing preference for me.""], ""permission"": ""response_personalization"", ""profile_variant"": ""stable""}",json,"{""preference"":""write_formality"",""family"":""stable"",""profile_variant"":""stable"",""owner"":""none"",""information_type"":""none"",""applies_when"":""none"",""does_not_apply_when"":""none"",""temporal_validity"":""persistent"",""confidence"":0.9,""evidence"":[""Across audiences, I generally avoid casual expressions."",""Please rewrite this message in a formal tone."",""A formal tone is a stable writing preference for me."",""Another short conversation concerned a book recommendation."",""Professional language is my default even with familiar colleagues.""], ""permission"":""response_personalization""}",writing_formality,stable,none,none,persistent
5,education_detail-test-003-inside-scoped,education_detail-test-003,education_detail-test-003-inside,test,education_detail,education,scoped,inside,inside,"Session 1: It is not a universal response-style preference.
Session 2: For routine checks and timed quizzes, I usually want only the answer.
Session 3: The detailed request is limited to unfamiliar learning material.
Session 4: We briefly talked about a grocery list for the weekend.
Session 5: We also discussed a calendar reminder for next month.
Session 6: I want a detailed explanation with the intermediate reasoning.
Session 7: This topic is new to me, so I need extra detail for this lesson.","I am new to this subject, so build the explanation from first principles.",APPLY,detailed step-by-step explanations,user,current_goal,context-dependent,the user is learning unfamiliar material or explicitly studying for understanding,the user is checking a known result or taking a timed quiz,"Are you learning this from scratch, or do you only want the final answer checked?",I will explain the method carefully and include the intermediate steps.,I will provide a concise verification rather than a full tutorial.,IGNORE,unknown,0.0,,"{""action"":""IGNORE"",""relation"":""unknown"",""confidence"":0.0,""response"":"""",""reason"":""A material fact needed to distinguish APPLY from IGNORE is genuinely missing.""}",json,"{""preference"": ""education_answer_only"", ""family"": ""writing_conciseness"", ""owner"": ""session_6"", ""information_type"": ""temporary_constraint"", ""applies_when"": ""this_topic_is_new_to_me"", ""does_not_apply_when"": ""routine_checks_or_timed_quizzes"", ""temporal_validity"": ""context-dependent"", ""confidence"": 0.9, ""evidence"": [""{'text': 'This topic is new to me, so I need extra detail for this lesson.'}"", ""{'text': 'We briefly talked about a grocery list for the weekend.'}""], ""permission"": ""response_personalization"", ""profile_variant"": ""scoped""}",json,"{""preference"":""education_answer_only"",""family"":""scoped"",""profile_variant"":""scoped"",""owner"":""session_6"",""information_type"":""temporary_constraint"",""applies_when"":""this_topic_is_new_to_me"",""does_not_apply_when"":""routine_checks_or_timed_quizzes"",""temporal_validity"":""context-dependent"",""confidence"":0.9,""evidence"":[{""text"":""This topic is new to me, so I need extra detail for this lesson.""},{""text"":""We briefly talked about a grocery list for the weekend.""}],""permission"":""response_personalization""}",writing_conciseness,scoped,session_6,temporary_constraint,context-dependent
6,education_detail-test-014-outside-scoped,education_detail-test-014,education_detail-test-014-outside,test,education_detail,education,scoped,outside,outside,"Session 1: It is not a universal response-style preference.
Session 2: Another message asked for a summary of a news article.
Session 3: There was a separate exchange about organizing files on a laptop.
Session 4: The detailed request is limited to unfamiliar learning material.
Session 5: I want a detailed explanation with the intermediate reasoning.
Session 6: For routine checks and timed quizzes, I usually want only the answer.
Session 7: This topic is new to me, so I need extra detail for this lesson.",I only need a quick correctness check on a familiar exercise.,IGNORE,detailed step-by-step explanations,user,current_goal,context-dependent,the user is learning unfamiliar material or explicitly studying for understanding,the user is checking a known result or taking a timed quiz,"Are you learning this from scratch, or do you only want the final answer checked?",I will explain the method carefully and include the intermediate steps.,I will provide a concise verification rather than a full tutorial.,IGNORE,unknown,0.0,,"{""action"":""IGNORE"",""relation"":""unknown"",""confidence"":0.0,""response"":"""",""reason"":""A material fact needed to distinguish APPLY from IGNORE is genuinely missing.""}",json,"{""preference"": ""education_answer_only"", ""family"": ""writing_conciseness"", ""owner"": ""session_5"", ""information_type"": ""temporary_constraint"", ""applies_when"": ""routine_checks_and_timed_quizzes"", ""does_not_apply_when"": ""travel_budget,food_spiciness,food_quick_meals"", ""temporal_validity"": ""context-dependent"", ""confidence"": 0.8, ""evidence"": [""There was a separate exchange about organizing files on a laptop."", ""Another message asked for a summary of a news article.""], ""permission"": ""response_personalization"", ""profile_variant"": ""scoped""}",json,"{""preference"":""education_answer_only"",""family"":""scoped"",""profile_variant"":""scoped"",""owner"":""session_5"",""information_type"":""temporary_constraint"",""applies_when"":""routine_checks_and_timed_quizzes"",""does_not_apply_when"":""travel_budget,food_spiciness,food_quick_meals"",""temporal_validity"":""context-dependent"",""confidence"":0.8,""evidence"":[""There was a separate exchange about organizing files on a laptop."",""Another message asked for a summary of a news article.""], ""permission"":""response_personalization""}",writing_conciseness,scoped,session_5,temporary_constraint,context-dependent
7,education_examples-test-014-outside-scoped,education_examples-test-014,education_examples-test-014-outside,test,education_examples,education,scoped,outside,outside,"Session 1: The request for examples applies only to abstract learning sessions.
Session 2: Another message asked for a summary of a news article.
Session 3: This concept is unusually abstract, so examples are needed for this topic.
Session 4: Please teach this with several concrete examples.
Session 5: We briefly talked about a grocery list for the weekend.
Session 6: It is not required in every educational response.
Session 7: For reference sheets, I prefer compact definitions without examples.","I need a compact reference entry, not a worked example.",IGNORE,example-driven teaching,user,contextual_preference,context-dependent,"the concept is abstract, unfamiliar, or explicitly taught for understanding","the user requests a compact reference, formula sheet, or glossary entry","Is this for learning the idea, or for a compact reference sheet?",I will include concrete examples and connect them to the abstract idea.,I will keep this as a compact reference without adding worked examples.,IGNORE,mismatch,0.0,"The query specifies that you need a compact reference entry, which differs from a worked example.","{""action"":""IGNORE"",""relation"":""mismatch"",""confidence"":0.0,""response"":""The query specifies that you need a compact reference entry, which differs from a worked example."",""reason"":""The query's requirement of a compact reference entry directly contradicts the request for a worked example.""}",json,"{""preference"": ""education_examples"", ""family"": ""writing_conciseness"", ""owner"": ""session_3"", ""information_type"": ""temporary_constraint"", ""applies_when"": ""Session_3"", ""does_not_apply_when"": ""Session_1|Session_2|Session_4|Session_5|Session_6"", ""temporal_validity"": ""context-dependent"", ""confidence"": 0.8, ""evidence"": [""{'text': 'This concept is unusually abstract, so examples are needed for this topic.'}"", ""{'text': 'Please teach this with several concrete examples.'}""], ""permission"": ""response_personalization"", ""profile_variant"": ""scoped""}",json,"{""preference"":""education_examples"",""family"":""scoped"",""profile_variant"":""scoped"",""owner"":""session_3"",""information_type"":""temporary_constraint"",""applies_when"":""Session_3"",""does_not_apply_when"":""Session_1|Session_2|Session_4|Session_5|Session_6"",""temporal_validity"":""context-dependent"",""confidence"":0.8,""evidence"":[{""text"":""This concept is unusually abstract, so examples are needed for this topic.""},{""text"":""Please teach this with several concrete examples.""}],""permission"":""response_personalization""}",writing_conciseness,scoped,session_3,temporary_constraint,context-dependent
8,travel_budget-test-007-inside-stable,travel_budget-test-007,travel_budget-test-007-inside,test,travel_budget,travel,stable,inside,inside,"Session 1: I generally choose the least expensive clean hotel, even when someone else pays.
Session 2: There was a separate exchange about organizing files on a laptop.
Session 3: There was an unrelated request to rename several documents.
Session 4: Recommend an inexpensive hotel that is still acceptable.
Session 5: Budget hotels are my default travel preference.
Session 6: Saving money on accommodation is a persistent priority for me.
Session 7: Across my trips, I care more about price than luxury.",Find lodging for a trip with a firm reimbursement ceiling.,APPLY,budget-conscious accommodation,user,trait_preference,persistent,broadly across relevant situations,only when explicitly overridden or corrected,"Will you pay personally, or is this trip reimbursed without a cap?","I will prioritize inexpensive, clean accommodation.",I will consider comfort and quality rather than assuming price is the main criterion.,IGNORE,mismatch,0.0,,"{""action"":""IGNORE"",""relation"":""mismatch"",""confidence"":0.0,""response"":"""",""reason"":""The query 'Find lodging for a trip with a firm reimbursement ceiling' does not apply the given preference of 'travel_budget'.""}",json,"{""preference"": ""travel_budget"", ""family"": ""travel_comfort"", ""owner"": ""session_history"", ""information_type"": ""persistent"", ""applies_when"": ""travel"", ""does_not_apply_when"": ""education"", ""temporal_validity"": ""persistent"", ""confidence"": 0.9, ""evidence"": [""There was a separate exchange about organizing files on a laptop."", ""Budget hotels are my default travel preference.""], ""permission"": ""response_personalization"", ""profile_variant"": ""stable""}",json,"{""preference"":""travel_budget"",""family"":""stable"",""profile_variant"":""stable"",""owner"":""session_history"",""information_type"":""persistent"",""applies_when"":""travel"",""does_not_apply_when"":""education"",""temporal_validity"":""persistent"",""confidence"":0.9,""evidence"":[""There was a separate exchange about organizing files on a laptop."",""Budget hotels are my default travel preference.""], ""permission"":""response_personalization""}",travel_comfort,stable,session_history,persistent,persistent
9,food_spiciness-test-011-inside-stable,food_spiciness-test-011,food_spiciness-test-011-inside,test,food_spiciness,food,stable,inside,inside,"Session 1: Across cuisines, I consistently choose mild dishes.
Session 2: Even when others order spicy food, I select the mild option.
Session 3: Please make the dish mild rather than spicy.
Session 4: We briefly talked about a grocery list for the weekend.
Session 5: Another short conversation concerned a book recommendation.
Session 6: Avoiding chili heat is a persistent preference for me.
Session 7: I generally dislike spicy food.",I remain on the medicine and cannot handle strong chili yet.,APPLY,mild food,user,trait_preference,persistent,broadly across relevant situations,only when explicitly overridden or corrected,"Is your stomach still sensitive, or has the temporary restriction ended?",I will recommend a mild dish with little or no chili heat.,I will not assume the temporary mild-food restriction still applies.,IGNORE,mismatch,0.0,"The information provided suggests that you prefer mild cuisine, which which the current query about handling strong chili contradicts.","{""action"":""IGNORE"",""relation"":""mismatch"",""confidence"":0.0,""response"":""The information provided suggests that you prefer mild cuisine, which which the current query about handling strong chili contradicts."",""reason"":""The query indicates an inability to handle strong chili, which which directly conflicts with your stated preference for mild cuisine.""}",json,"{""preference"": ""food_spiciness"", ""family"": ""food_spiciness"", ""owner"": """", ""information_type"": ""persistent"", ""applies_when"": ""session_6"", ""does_not_apply_when"": ""session_1"", ""temporal_validity"": ""persistent"", ""confidence"": 0.9, ""evidence"": [""Across cuisines, I consistently choose mild dishes."", ""Even when others order spicy food, I select the mild option."", ""Please make the dish mild rather than spicy.""], ""permission"": ""response_personalization"", ""profile_variant"": ""stable""}",json,"```json
{
  ""preference"": ""food_spiciness"",
  ""family"": ""stable"",
  ""profile_variant"": ""stable"",
  ""owner"": """",
  ""information_type"": ""persistent"",
  ""applies_when"": ""session_6"",
  ""does_not_apply_when"": ""session_1"",
  ""temporal_validity"": ""persistent"",
  ""confidence"": 0.9,
  ""evidence"": [
    ""Across cuisines, I consistently choose mild dishes."",
    ""Even when others order spicy food, I select the mild option."",
    ""Please make the dish mild rather than spicy.""
  ],
  ""permission"": ""response_personalization""
}
```",food_spiciness,stable,,persistent,persistent
10,food_vegetarian-test-001-outside-scoped,food_vegetarian-test-001,food_vegetarian-test-001-outside,test,food_vegetarian,food,scoped,outside,outside,"Session 1: The vegetarian guest is my sister, not me.
Session 2: Another short conversation concerned a book recommendation.
Session 3: Another message asked for a summary of a news article.
Session 4: For this request, avoid meat and fish.
Session 5: I normally eat meat and fish myself.
Session 6: This meat-free request applies only when I am cooking for her.
Session 7: It should not be stored as my own general diet.","This meal is solely for me, and I have no meat restriction.",IGNORE,vegetarian meals,sister,other_owner,context-dependent,the meal is for the vegetarian sister or another explicitly vegetarian guest,the meal is for the user alone and no vegetarian guest is involved,"Is this meal for you, or for the vegetarian guest you mentioned?",I will recommend a fully vegetarian meal.,I will not treat another person's diet as your own preference.,IGNORE,mismatch,0.0,"The query indicates that you have no meat restrictions, which differs from your family's preferences.","{""action"":""IGNORE"",""relation"":""mismatch"",""confidence"":0.0,""response"":""The query indicates that you have no meat restrictions, which differs from your family's preferences."",""reason"":""The information type 'temporary constraint' suggests that the preference may change based on context.""}",json,"{""preference"": ""food_vegetarian"", ""family"": ""food_vegetarian"", ""owner"": """", ""information_type"": ""temporary_constraint"", ""applies_when"": ""session_4"", ""does_not_apply_when"": ""session_1, session_2, session_3, session_5, session_6"", ""temporal_validity"": ""context-dependent"", ""confidence"": 0.8, ""evidence"": [""Session 4: For this request, avoid meat and fish."", ""Session 5: I normally eat meat and fish myself."", ""Session 6: This meat-free request applies only when I am cooking for her.""], ""permission"": ""response_personalization"", ""profile_variant"": ""scoped""}",json,"```json
{
  ""preference"": ""food_vegetarian"",
  ""family"": ""stable"",
  ""profile_variant"": ""scoped"",
  ""owner"": """",
  ""information_type"": ""temporary_constraint"",
  ""applies_when"": ""session_4"",
  ""does_not_apply_when"": ""session_1, session_2, session_3, session_5, session_6"",
  ""temporal_validity"": ""context-dependent"",
  ""confidence"": 0.8,
  ""evidence"": [
    ""Session 4: For this request, avoid meat and fish."",
    ""Session 5: I normally eat meat and fish myself."",
    ""Session 6: This meat-free request applies only when I am cooking for her.""
  ],
  ""permission"": ""response_personalization""
}
```",food_vegetarian,scoped,,temporary_constraint,context-dependent
11,travel_budget-test-003-outside-stable,travel_budget-test-003,travel_budget-test-003-outside,test,travel_budget,travel,stable,outside,inside,"Session 1: Across my trips, I care more about price than luxury.
Session 2: Saving money on accommodation is a persistent priority for me.
Session 3: A different session was about fixing a small Python error.
Session 4: Another short conversation concerned a book recommendation.
Session 5: For this trip, please find a cheap but clean hotel.
Session 6: Budget hotels are my default travel preference.
Session 7: I generally choose the least expensive clean hotel, even when someone else pays.",The organization is paying and there is no spending limit for lodging.,APPLY,budget-conscious accommodation,user,trait_preference,persistent,broadly across relevant situations,only when explicitly overridden or corrected,"Will you pay personally, or is this trip reimbursed without a cap?","I will prioritize inexpensive, clean accommodation.",I will consider comfort and quality rather than assuming price is the main criterion.,IGNORE,mismatch,0.0,The information provided does not directly relate to the travel budget preferences set in the previous sessions.,"{""action"":""IGNORE"",""relation"":""mismatch"",""confidence"":0.0,""response"":""The information provided does not directly relate to the travel budget preferences set in the previous sessions."",""reason"":""The current query specifies that the organization is paying for lodging without mentioning any specific travel budget constraints.""}",json,"{""preference"": ""travel_budget"", ""family"": ""travel_comfort"", ""owner"": ""session_5"", ""information_type"": ""temporary_constraint"", ""applies_when"": ""for_this_trip"", ""does_not_apply_when"": ""not_for_this_trip"", ""temporal_validity"": ""context-dependent"", ""confidence"": 0.9, ""evidence"": [""A different session was about fixing a small Python error."", ""Another short conversation concerned a book recommendation.""], ""permission"": ""response_personalization"", ""profile_variant"": ""scoped""}",json,"{""preference"":""travel_budget"",""family"":""scoped"",""profile_variant"":""scoped"",""owner"":""session_5"",""information_type"":""temporary_constraint"",""applies_when"":""for_this_trip"",""does_not_apply_when"":""not_for_this_trip"",""temporal_validity"":""context-dependent"",""confidence"":0.9,""evidence"":[""A different session was about fixing a small Python error."",""Another short conversation concerned a book recommendation.""], ""permission"":""response_personalization""}",travel_comfort,scoped,session_5,temporary_constraint,context-dependent
12,food_spiciness-test-007-outside-stable,food_spiciness-test-007,food_spiciness-test-007-outside,test,food_spiciness,food,stable,outside,inside,"Session 1: Across cuisines, I consistently choose mild dishes.
Session 2: Even when others order spicy food, I select the mild option.
Session 3: I generally dislike spicy food.
Session 4: There was an unrelated request to rename several documents.
Session 5: Please make the dish mild rather than spicy.
Session 6: Another short conversation concerned a book recommendation.
Session 7: Avoiding chili heat is a persistent preference for me.",The medication is finished and the sensitivity is gone.,APPLY,mild food,user,trait_preference,persistent,broadly across relevant situations,only when explicitly overridden or corrected,"Is your stomach still sensitive, or has the temporary restriction ended?",I will recommend a mild dish with little or no chili heat.,I will not assume the temporary mild-food restriction still applies.,IGNORE,mismatch,0.0,,"{""action"":""IGNORE"",""relation"":""mismatch"",""confidence"":0.0,""response"":"""",""reason"":""The current query about medication status does not directly relate to the user's preferences for spiciness or travel comfort.""}",json,"{""preference"": ""food_spiciness"", ""family"": ""travel_comfort"", ""owner"": """", ""information_type"": ""temporary_constraint"", ""applies_when"": ""session_5"", ""does_not_apply_when"": ""all_other_sessions"", ""temporal_validity"": ""context-dependent"", ""confidence"": 0.9, ""evidence"": [""Across cuisines, I consistently choose mild dishes."", ""Even when others order spicy food, I select the mild option."", ""I generally dislike spicy food.""], ""permission"": ""response_personalization"", ""profile_variant"": ""stable""}",json,"```json
{
  ""preference"": ""food_spiciness"",
  ""family"": ""travel_comfort"",
  ""profile_variant"": ""stable"",
  ""owner"": """",
  ""information_type"": ""temporary_constraint"",
  ""applies_when"": ""session_5"",
  ""does_not_apply_when"": ""all_other_sessions"",
  ""temporal_validity"": ""context-dependent"",
  ""confidence"": 0.9,
  ""evidence"": [
    ""Across cuisines, I consistently choose mild dishes."",
    ""Even when others order spicy food, I select the mild option."",
    ""I generally dislike spicy food."",
    ""There was an unrelated request to rename several documents."",
    ""Please make the dish mild rather than spicy.""
  ],
  ""permission"": ""response_personalization""
}
```",travel_comfort,stable,,temporary_constraint,context-dependent
13,writing_formality-test-013-inside-scoped,writing_formality-test-013,writing_formality-test-013-inside,test,writing_formality,writing,scoped,inside,inside,"Session 1: This draft is addressed to a professor, so the audience requires formality.
Session 2: I use a relaxed tone with friends and close teammates.
Session 3: Please rewrite this message in a formal tone.
Session 4: There was a separate exchange about organizing files on a laptop.
Session 5: Another short conversation concerned a book recommendation.
Session 6: The formal request applies only to academic or official recipients.
Session 7: It is an audience-specific requirement, not my universal style.",Help me write to a potential employer.,APPLY,formal writing style,user,contextual_preference,context-dependent,"the recipient is a professor, administrator, employer, or other official audience",the recipient is a close friend or an informal peer group,Who is the recipient: an official contact or someone you know casually?,"I will use a formal, professional tone suitable for the recipient.",I will use a natural informal tone rather than transferring the official style.,IGNORE,unknown,0.0,,"{""action"":""IGNORE"",""relation"":""unknown"",""confidence"":0.0,""response"":"""",""reason"":""A material fact needed to distinguish APPLY from IGNORE is genuinely missing.""}",json,"{""preference"": ""write_formality"", ""family"": ""writing_formality"", ""owner"": ""academic_or_official_recipients"", ""information_type"": ""temporary_constraint"", ""applies_when"": ""formal_request"", ""does_not_apply_when"": ""academic_or_official_recipients"", ""temporal_validity"": ""context-dependent"", ""confidence"": 0.8, ""evidence"": [""This draft is addressed to a professor, so the audience requires formality."", ""It is an audience-specific requirement, not my universal style.""], ""permission"": ""response_personalization"", ""profile_variant"": ""scoped""}",json,"{""preference"":""write_formality"",""family"":""scoped"",""profile_variant"":""scoped"",""owner"":""academic_or_official_recipients"",""information_type"":""temporary_constraint"",""applies_when"":""formal_request"",""does_not_apply_when"":""academic_or_official_recipients"",""temporal_validity"":""context-dependent"",""confidence"":0.8,""evidence"":[""This draft is addressed to a professor, so the audience requires formality."",""It is an audience-specific requirement, not my universal style.""], ""permission"":""response_personalization""}",writing_formality,scoped,academic_or_official_recipients,temporary_constraint,context-dependent
14,education_examples-test-009-near-stable,education_examples-test-009,education_examples-test-009-near,test,education_examples,education,stable,near,inside,"Session 1: I consistently ask for at least one worked example.
Session 2: We also discussed the weather for an unrelated day trip.
Session 3: I generally understand ideas best through concrete examples.
Session 4: Please teach this with several concrete examples.
Session 5: Example-driven teaching is a stable preference for me.
Session 6: Another message asked for a summary of a news article.
Session 7: Across technical subjects, examples are my preferred learning method.",Choose whether to include examples; I have not stated my purpose.,APPLY,example-driven teaching,user,trait_preference,persistent,broadly across relevant situations,only when explicitly overridden or corrected,"Is this for learning the idea, or for a compact reference sheet?",I will include concrete examples and connect them to the abstract idea.,I will keep this as a compact reference without adding worked examples.,IGNORE,unknown,0.0,"The information type 'temporary_constraint' indicates that the constraint may change based on context. Since you haven't specified your purpose, there isn't enough information to determine if including examples aligns with your preferences.","{""action"":""IGNORE"",""relation"":""unknown"",""confidence"":0.0,""response"":""The information type 'temporary_constraint' indicates that the constraint may change based on context. Since you haven't specified your purpose, there isn't enough information to determine if including examples aligns with your preferences."",""reason"":""material fact needed to distinguish APPLY from IGNORE is genuinely missing""}",json,"{""preference"": ""education_examples"", ""family"": ""writing_conciseness"", ""owner"": ""writing_directness"", ""information_type"": ""temporary_constraint"", ""applies_when"": ""context-dependent"", ""does_not_apply_when"": ""none"", ""temporal_validity"": ""context-dependent"", ""confidence"": 0.9, ""evidence"": [""I generally understand ideas best through concrete examples."", ""Example-driven teaching is a stable preference for me.""], ""permission"": ""response_personalization"", ""profile_variant"": ""stable""}",json,"{""preference"":""education_examples"",""family"":""stable"",""profile_variant"":""stable"",""owner"":""writing_directness"",""information_type"":""temporary_constraint"",""applies_when"":""context-dependent"",""does_not_apply_when"":""none"",""temporal_validity"":""context-dependent"",""confidence"":0.9,""evidence"":[""I generally understand ideas best through concrete examples."",""Example-driven teaching is a stable preference for me.""], ""permission"":""response_personalization""}",writing_conciseness,stable,writing_directness,temporary_constraint,context-dependent
15,travel_proximity-test-004-inside-stable,travel_proximity-test-004,travel_proximity-test-004-inside,test,travel_proximity,travel,stable,inside,inside,"Session 1: Proximity is a persistent accommodation preference for me.
Session 2: For this trip, prioritize walking distance to the destination.
Session 3: Another short conversation concerned a book recommendation.
Session 4: Across trips, staying close to the main destination is my default.
Session 5: I generally prioritize location over hotel amenities.
Session 6: There was an unrelated request to rename several documents.
Session 7: Even on relaxed vacations, I dislike long travel from the hotel.",The schedule is compressed and I must reach the conference hall before dawn.,APPLY,accommodation close to the destination,user,trait_preference,persistent,broadly across relevant situations,only when explicitly overridden or corrected,"Is this a tightly scheduled short visit, or a relaxed leisure trip?",I will prioritize hotels close to the main destination.,I will consider quieter or more comfortable areas instead of assuming proximity is essential.,IGNORE,mismatch,0.0,The query 'The schedule is compressed and I must reach the conference hall before dawn' does not directly relate to the travel preferences specified in the memory.,"{""action"":""IGNORE"",""relation"":""mismatch"",""confidence"":0.0,""response"":""The query 'The schedule is compressed and I must reach the conference hall before dawn' does not directly relate to the travel preferences specified in the memory."",""reason"":""The query focuses on time management rather than travel proximity or comfort.""}",json,"{""preference"": ""travel_proximity"", ""family"": ""travel_comfort"", ""owner"": """", ""information_type"": ""temporary_constraint"", ""applies_when"": ""this_trip"", ""does_not_apply_when"": ""relaxed_vacations"", ""temporal_validity"": ""context-dependent"", ""confidence"": 0.8, ""evidence"": [""Another short conversation concerned a book recommendation."", ""Across trips, staying close to the main destination is my default."", ""There was an unrelated request to rename several documents.""], ""permission"": ""response_personalization"", ""profile_variant"": ""scoped""}",json,"```json
{
  ""preference"": ""travel_proximity"",
  ""family"": ""stable"",
  ""profile_variant"": ""scoped"",
  ""owner"": """",
  ""information_type"": ""temporary_constraint"",
  ""applies_when"": ""this_trip"",
  ""does_not_apply_when"": ""relaxed_vacations"",
  ""temporal_validity"": ""context-dependent"",
  ""confidence"": 0.8,
  ""evidence"": [
    ""Another short conversation concerned a book recommendation."",
    ""Across trips, staying close to the main destination is my default."",
    ""There was an unrelated request to rename several documents.""
  ],
  ""permission"": ""response_personalization""
}
```",travel_comfort,scoped,,temporary_constraint,context-dependent
16,food_quick_meals-test-011-inside-scoped,food_quick_meals-test-011,food_quick_meals-test-011-inside,test,food_quick_meals,food,scoped,inside,inside,"Session 1: Normally I enjoy slow cooking when my schedule is open.
Session 2: This week I have an unusually heavy deadline.
Session 3: We also discussed the weather for an unrelated day trip.
Session 4: Suggest a meal that takes very little time to prepare.
Session 5: There was a separate exchange about organizing files on a laptop.
Session 6: It is a temporary time constraint, not my general cooking preference.
Session 7: The quick-meal request applies only during the deadline period.",I am racing to finish a project and need food immediately.,APPLY,quick-to-prepare meals,user,current_goal,context-dependent,the user is currently facing a deadline or has very limited cooking time,the deadline has passed and the user has time for relaxed cooking,"Are you still under time pressure, or do you have time for a longer recipe?","I will prioritize a fast, low-preparation meal.",I will consider a more involved recipe instead of assuming you are still time-constrained.,IGNORE,mismatch,0.0,The urgency of finishing your project may lead you to prioritize immediate food over other considerations such as general cooking preferences.,"{""action"":""IGNORE"",""relation"":""mismatch"",""confidence"":0.0,""response"":""The urgency of finishing your project may lead you to prioritize immediate food over other considerations such as general cooking preferences."",""reason"":""The current query indicates a high priority on completing the project, which might override any general preferences related to food preparation.""}",json,"{""preference"": ""write_directness"", ""family"": ""writing_directness"", ""owner"": ""session_owner"", ""information_type"": ""temporary_constraint"", ""applies_when"": ""deadline_period"", ""does_not_apply_when"": ""general_cooking_preference"", ""temporal_validity"": ""context-dependent"", ""confidence"": 0.8, ""evidence"": [""This week I have an unusually heavy deadline."", ""We also discussed the weather for an unrelated day trip.""], ""permission"": ""response_personalization"", ""profile_variant"": ""scoped""}",json,"{""preference"":""write_directness"",""family"":""scoped"",""profile_variant"":""scoped"",""owner"":""session_owner"",""information_type"":""temporary_constraint"",""applies_when"":""deadline_period"",""does_not_apply_when"":""general_cooking_preference"",""temporal_validity"":""context-dependent"",""confidence"":0.8,""evidence"":[""This week I have an unusually heavy deadline."",""We also discussed the weather for an unrelated day trip.""], ""permission"":""response_personalization""}",writing_directness,scoped,session_owner,temporary_constraint,context-dependent
17,food_vegetarian-test-013-near-scoped,food_vegetarian-test-013,food_vegetarian-test-013-near,test,food_vegetarian,food,scoped,near,near,"Session 1: I normally eat meat and fish myself.
Session 2: Another short conversation concerned a book recommendation.
Session 3: Please suggest a vegetarian meal.
Session 4: The vegetarian guest is my sister, not me.
Session 5: It should not be stored as my own general diet.
Session 6: Another message asked for a summary of a news article.
Session 7: This meat-free request applies only when I am cooking for her.","Recommend food, but I have not confirmed whether my sister is attending.",CLARIFY,vegetarian meals,sister,other_owner,context-dependent,the meal is for the vegetarian sister or another explicitly vegetarian guest,the meal is for the user alone and no vegetarian guest is involved,"Is this meal for you, or for the vegetarian guest you mentioned?",I will recommend a fully vegetarian meal.,I will not treat another person's diet as your own preference.,IGNORE,unknown,0.0,,"{""action"":""IGNORE"",""relation"":""unknown"",""confidence"":0.0,""response"":"""",""reason"":""A material fact needed to distinguish APPLY from IGNORE is genuinely missing.""}",json,"{""preference"": ""food_vegetarian"", ""family"": ""food_vegetarian"", ""owner"": """", ""information_type"": ""temporary_constraint"", ""applies_when"": ""meat_free_request"", ""does_not_apply_when"": ""general_diet"", ""temporal_validity"": ""context-dependent"", ""confidence"": 0.9, ""evidence"": [""Session 1: I normally eat meat and fish myself."", ""Session 2: Another short conversation concerned a book recommendation."", ""Session 3: Please suggest a vegetarian meal.""], ""permission"": ""response_personalization"", ""profile_variant"": ""scoped""}",json,"```json
{
  ""preference"": ""food_vegetarian"",
  ""family"": ""stable"",
  ""profile_variant"": ""scoped"",
  ""owner"": """",
  ""information_type"": ""temporary_constraint"",
  ""applies_when"": ""meat_free_request"",
  ""does_not_apply_when"": ""general_diet"",
  ""temporal_validity"": ""context-dependent"",
  ""confidence"": 0.9,
  ""evidence"": [
    ""Session 1: I normally eat meat and fish myself."",
    ""Session 2: Another short conversation concerned a book recommendation."",
    ""Session 3: Please suggest a vegetarian meal."",
    ""Session 4: The vegetarian guest is my sister, not me."",
    ""Session 5: It should not be stored as my own general diet."",
    ""Session 6: Another message asked for a summary of a news article."",
    ""Session 7: This meat-free request applies only when I am cooking for her.""
  ],
  ""permission"": ""response_personalization""
}
```",food_vegetarian,scoped,,temporary_constraint,context-dependent
18,education_examples-test-000-near-stable,education_examples-test-000,education_examples-test-000-near,test,education_examples,education,stable,near,inside,"Session 1: Example-driven teaching is a stable preference for me.
Session 2: Use examples rather than only abstract definitions.
Session 3: A different session was about fixing a small Python error.
Session 4: There was a separate exchange about organizing files on a laptop.
Session 5: I generally understand ideas best through concrete examples.
Session 6: I consistently ask for at least one worked example.
Session 7: Across technical subjects, examples are my preferred learning method.","Help with this concept, but the final use of the answer is unknown.",APPLY,example-driven teaching,user,trait_preference,persistent,broadly across relevant situations,only when explicitly overridden or corrected,"Is this for learning the idea, or for a compact reference sheet?",I will include concrete examples and connect them to the abstract idea.,I will keep this as a compact reference without adding worked examples.,IGNORE,unknown,0.0,,"{""action"":""IGNORE"",""relation"":""unknown"",""confidence"":0.0,""response"":"""",""reason"":""The current query does not provide enough information to determine whether the preference should be applied or ignored.""}",json,"{""preference"": ""write_directness"", ""family"": ""writing_directness"", ""owner"": ""example_session_1_to_7"", ""information_type"": ""temporary_constraint"", ""applies_when"": ""session_5_and_6"", ""does_not_apply_when"": ""session_1_to_4"", ""temporal_validity"": ""context-dependent"", ""confidence"": 0.9, ""evidence"": [""Example-driven teaching is a stable preference for me."", ""A different session was about fixing a small Python error."", ""There was a separate exchange about organizing files on a laptop.""], ""permission"": ""response_personalization"", ""profile_variant"": ""stable""}",json,"{""preference"":""write_directness"",""family"":""stable"",""profile_variant"":""stable"",""owner"":""example_session_1_to_7"",""information_type"":""temporary_constraint"",""applies_when"":""session_5_and_6"",""does_not_apply_when"":""session_1_to_4"",""temporal_validity"":""context-dependent"",""confidence"":0.9,""evidence"":[""Example-driven teaching is a stable preference for me."",""A different session was about fixing a small Python error."",""There was a separate exchange about organizing files on a laptop.""],""permission"":""response_personalization""}",writing_directness,stable,example_session_1_to_7,temporary_constraint,context-dependent
19,travel_comfort-test-004-outside-stable,travel_comfort-test-004,travel_comfort-test-004-outside,test,travel_comfort,travel,stable,outside,inside,"Session 1: I generally prioritize comfort on every trip.
Session 2: Comfort is a persistent travel preference for me.
Session 3: A different session was about fixing a small Python error.
Session 4: We also discussed the weather for an unrelated day trip.
Session 5: For this trip, choose the most comfortable option.
Session 6: Even for short journeys, I avoid inconvenient travel options.
Session 7: Across trips, I am willing to pay more for an easier experience.","Recovery is complete, so basic transportation is fine now.",APPLY,high-comfort travel,user,trait_preference,persistent,broadly across relevant situations,only when explicitly overridden or corrected,Do you still need extra comfort or accessibility support for this trip?,"I will prioritize comfort, accessibility, and a low-strain itinerary.",I will not assume the temporary comfort requirement still applies.,IGNORE,mismatch,0.0,"The current query indicates that recovery is complete and basic transportation is fine now, which does not align with the previous preferences related to travel comfort.","{""action"":""IGNORE"",""relation"":""mismatch"",""confidence"":0.0,""response"":""The current query indicates that recovery is complete and basic transportation is fine now, which does not align with the previous preferences related to travel comfort."",""reason"":""The query suggests a change in circumstances (recovery completed) without specifying how this affects the previously established preferences.""}",json,"{""preference"": ""travel_comfort"", ""family"": ""travel_comfort"", ""owner"": ""session_5"", ""information_type"": ""temporary_constraint"", ""applies_when"": ""for_this_trip"", ""does_not_apply_when"": ""not_for_short_journeys"", ""temporal_validity"": ""context-dependent"", ""confidence"": 0.9, ""evidence"": [""For this trip, choose the most comfortable option."", ""Across trips, I am willing to pay more for an easier experience.""], ""permission"": ""response_personalization"", ""profile_variant"": ""stable""}",json,"{""preference"":""travel_comfort"",""family"":""stable"",""profile_variant"":""stable"",""owner"":""session_5"",""information_type"":""temporary_constraint"",""applies_when"":""for_this_trip"",""does_not_apply_when"":""not_for_short_journeys"",""temporal_validity"":""context-dependent"",""confidence"":0.9,""evidence"":[""For this trip, choose the most comfortable option."",""Across trips, I am willing to pay more for an easier experience.""],""permission"":""response_personalization""}",travel_comfort,stable,session_5,temporary_constraint,context-dependent
20,food_vegetarian-test-008-inside-scoped,food_vegetarian-test-008,food_vegetarian-test-008-inside,test,food_vegetarian,food,scoped,inside,inside,"Session 1: I normally eat meat and fish myself.
Session 2: There was a separate exchange about organizing files on a laptop.
Session 3: This meat-free request applies only when I am cooking for her.
Session 4: Please suggest a vegetarian meal.
Session 5: It should not be stored as my own general diet.
Session 6: We briefly talked about a grocery list for the weekend.
Session 7: The vegetarian guest is my sister, not me.","Plan dinner for my sister, who still follows a vegetarian diet.",APPLY,vegetarian meals,sister,other_owner,context-dependent,the meal is for the vegetarian sister or another explicitly vegetarian guest,the meal is for the user alone and no vegetarian guest is involved,"Is this meal for you, or for the vegetarian guest you mentioned?",I will recommend a fully vegetarian meal.,I will not treat another person's diet as your own preference.,IGNORE,mismatch,0.0,"The information provided suggests that your sister's dietary preferences may change based on context, so we cannot apply the 'food_vegetarian' preference in this case.","{""action"":""IGNORE"",""relation"":""mismatch"",""confidence"":0.0,""response"":""The information provided suggests that your sister's dietary preferences may change based on context, so we cannot apply the 'food_vegetarian' preference in this case."",""reason"":""The evidence indicates that the preference might not always apply due to changing circumstances.""}",json,"{""preference"": ""food_vegetarian"", ""family"": ""food_vegetarian"", ""owner"": """", ""information_type"": ""temporary_constraint"", ""applies_when"": ""meat_free_request"", ""does_not_apply_when"": ""general_diet"", ""temporal_validity"": ""context-dependent"", ""confidence"": 0.9, ""evidence"": [""This meat-free request applies only when I am cooking for her."", ""The vegetarian guest is my sister, not me."", ""It should not be stored as my own general diet.""], ""permission"": ""response_personalization"", ""profile_variant"": ""scoped""}",json,"```json
{
  ""preference"": ""food_vegetarian"",
  ""family"": ""stable"",
  ""profile_variant"": ""scoped"",
  ""owner"": """",
  ""information_type"": ""temporary_constraint"",
  ""applies_when"": ""meat_free_request"",
  ""does_not_apply_when"": ""general_diet"",
  ""temporal_validity"": ""context-dependent"",
  ""confidence"": 0.9,
  ""evidence"": [
    ""This meat-free request applies only when I am cooking for her."",
    ""The vegetarian guest is my sister, not me."",
    ""It should not be stored as my own general diet.""
  ],
  ""permission"": ""response_personalization""
}
```",food_vegetarian,scoped,,temporary_constraint,context-dependent
21,education_answer_only-test-010-outside-scoped,education_answer_only-test-010,education_answer_only-test-010-outside,test,education_answer_only,education,scoped,outside,outside,"Session 1: This is a timed practice round, so I need only the answer right now.
Session 2: It is a temporary task constraint, not my general learning style.
Session 3: A different session was about fixing a small Python error.
Session 4: For this question, do not include the derivation.
Session 5: Outside timed practice, I normally want explanations and hints.
Session 6: We briefly talked about a grocery list for the weekend.
Session 7: The answer-only request is limited to speed drills.",Help me learn from this error with a full explanation.,IGNORE,answer-only assistance,user,temporary_constraint,context-dependent,"the user is in a timed drill, speed test, or explicitly requests answer-only output","the user is studying, reviewing mistakes, or asks for conceptual understanding","Is this a timed drill where you want only the answer, or a study question requiring explanation?",I will provide only the final answer.,I will explain the reasoning because the answer-only constraint does not apply here.,IGNORE,mismatch,0.0,The information provided does not specify whether you prefer to receive explanations for specific errors or general learning strategies.,"{""action"":""IGNORE"",""relation"":""mismatch"",""confidence"":0.0,""response"":""The information provided does not specify whether you prefer to receive explanations for specific errors or general learning strategies."",""reason"":""The query lacks clear criteria for applying or ignoring the advice.""}",json,"{""preference"": ""answer_only"", ""family"": ""writing_conciseness"", ""owner"": ""session_1"", ""information_type"": ""temporary_constraint"", ""applies_when"": ""timed_practice_round"", ""does_not_apply_when"": ""general_learning_style"", ""temporal_validity"": ""context-dependent"", ""confidence"": 0.8, ""evidence"": [""This is a timed practice round, so I need only the answer right now.""], ""permission"": ""response_personalization"", ""profile_variant"": ""scoped""}",json,"{""preference"":""answer_only"",""family"":""scoped"",""profile_variant"":""scoped"",""owner"":""session_1"",""information_type"":""temporary_constraint"",""applies_when"":""timed_practice_round"",""does_not_apply_when"":""general_learning_style"",""temporal_validity"":""context-dependent"",""confidence"":0.8,""evidence"":[""This is a timed practice round, so I need only the answer right now.""], ""permission"":""response_personalization""}",writing_conciseness,scoped,session_1,temporary_constraint,context-dependent
22,education_answer_only-test-002-inside-stable,education_answer_only-test-002,education_answer_only-test-002-inside,test,education_answer_only,education,stable,inside,inside,"Session 1: Even without time pressure, I want only the answer.
Session 2: There was an unrelated request to rename several documents.
Session 3: The final result is my persistent preference when asking for help.
Session 4: A different session was about fixing a small Python error.
Session 5: Just tell me the correct answer.
Session 6: Across subjects, I usually work through the reasoning independently.
Session 7: I consistently prefer answer-only assistance for exercises.",I have almost no time; state only the correct choice.,APPLY,answer-only assistance,user,trait_preference,persistent,broadly across relevant situations,only when explicitly overridden or corrected,"Is this a timed drill where you want only the answer, or a study question requiring explanation?",I will provide only the final answer.,I will explain the reasoning because the answer-only constraint does not apply here.,IGNORE,mismatch,0.0,"The information provided does not specify whether you are self-funded or fully reimbursed, which making it unclear how your preferences should apply.","{""action"":""IGNORE"",""relation"":""mismatch"",""confidence"":0.0,""response"":""The information provided does not specify whether you are self-funded or fully reimbursed, which making it unclear how your preferences should apply."",""reason"":""A material fact needed to distinguish APPLY from IGNORE is genuinely missing.""}",json,"{""preference"": ""answer_only"", ""family"": ""writing_conciseness"", ""owner"": ""none"", ""information_type"": ""temporary_constraint"", ""applies_when"": ""across_subjects"", ""does_not_apply_when"": ""extra_time_pressure"", ""temporal_validity"": ""persistent"", ""confidence"": 0.9, ""evidence"": [""The final result is my persistent preference when asking for help."", ""Across subjects, I usually work through the reasoning independently.""], ""permission"": ""response_personalization"", ""profile_variant"": ""stable""}",json,"{""preference"":""answer_only"",""family"":""stable"",""profile_variant"":""stable"",""owner"":""none"",""information_type"":""temporary_constraint"",""applies_when"":""across_subjects"",""does_not_apply_when"":""extra_time_pressure"",""temporal_validity"":""persistent"",""confidence"":0.9,""evidence"":[""The final result is my persistent preference when asking for help."",""Across subjects, I usually work through the reasoning independently.""], ""permission"":""response_personalization""}",writing_conciseness,stable,none,temporary_constraint,persistent
23,food_quick_meals-test-005-outside-stable,food_quick_meals-test-005,food_quick_meals-test-005-outside,test,food_quick_meals,food,stable,outside,inside,"Session 1: Fast recipes are my persistent cooking preference.
Session 2: There was a separate exchange about organizing files on a laptop.
Session 3: I generally prefer quick meals because I dislike lengthy cooking.
Session 4: Across weekdays and weekends, preparation time is a major priority.
Session 5: We also discussed the weather for an unrelated day trip.
Session 6: For this request, prioritize speed and convenience.
Session 7: Even when I am free, I usually choose simple meals.",Work is finished and I have the whole afternoon to cook.,APPLY,quick-to-prepare meals,user,trait_preference,persistent,broadly across relevant situations,only when explicitly overridden or corrected,"Are you still under time pressure, or do you have time for a longer recipe?","I will prioritize a fast, low-preparation meal.",I will consider a more involved recipe instead of assuming you are still time-constrained.,IGNORE,unknown,0.0,,"{""action"":""IGNORE"",""relation"":""unknown"",""confidence"":0.0,""response"":"""",""reason"":""A material fact needed to distinguish APPLY from IGNORE is genuinely missing.""}",json,"{""preference"": ""write_directness"", ""family"": ""writing_directness"", ""owner"": ""session_history"", ""information_type"": ""temporary_constraint"", ""applies_when"": ""weather_for_trip"", ""does_not_apply_when"": ""travel_proximity"", ""temporal_validity"": ""context-dependent"", ""confidence"": 0.9, ""evidence"": [""Fast recipes are my persistent cooking preference."", ""Across weekdays and weekends, preparation time is a major priority.""], ""permission"": ""response_personalization"", ""profile_variant"": ""stable""}",json,"{""preference"":""write_directness"",""family"":""stable"",""profile_variant"":""stable"",""owner"":""session_history"",""information_type"":""temporary_constraint"",""applies_when"":""weather_for_trip"",""does_not_apply_when"":""travel_proximity"",""temporal_validity"":""context-dependent"",""confidence"":0.9,""evidence"":[""Fast recipes are my persistent cooking preference."",""Across weekdays and weekends, preparation time is a major priority.""], ""permission"":""response_personalization""}",writing_directness,stable,session_history,temporary_constraint,context-dependent
24,education_answer_only-test-002-near-scoped,education_answer_only-test-002,education_answer_only-test-002-near,test,education_answer_only,education,scoped,near,near,"Session 1: The answer-only request is limited to speed drills.
Session 2: Just tell me the correct answer.
Session 3: Another message asked for a summary of a news article.
Session 4: Outside timed practice, I normally want explanations and hints.
Session 5: This is a timed practice round, so I need only the answer right now.
Session 6: There was an unrelated request to rename several documents.
Session 7: It is a temporary task constraint, not my general learning style.","Respond to the problem, but I have not described the learning context.",CLARIFY,answer-only assistance,user,temporary_constraint,context-dependent,"the user is in a timed drill, speed test, or explicitly requests answer-only output","the user is studying, reviewing mistakes, or asks for conceptual understanding","Is this a timed drill where you want only the answer, or a study question requiring explanation?",I will provide only the final answer.,I will explain the reasoning because the answer-only constraint does not apply here.,IGNORE,mismatch,0.0,"The query asks about the learning context, which is unrelated to the previous information provided.","{""action"":""IGNORE"",""relation"":""mismatch"",""confidence"":0.0,""response"":""The query asks about the learning context, which is unrelated to the previous information provided."",""reason"":""The query's focus on the learning context contradicts the previous information that was given as a temporary constraint.""}",json,"{""preference"": ""education_answer_only"", ""family"": ""writing_conciseness"", ""owner"": ""session_5"", ""information_type"": ""temporary_constraint"", ""applies_when"": ""timed_practice_round"", ""does_not_apply_when"": ""general_learning_style"", ""temporal_validity"": ""context-dependent"", ""confidence"": 0.8, ""evidence"": [""Another message asked for a summary of a news article."", ""It is a temporary task constraint, not my general learning style.""], ""permission"": ""response_personalization"", ""profile_variant"": ""scoped""}",json,"{""preference"":""education_answer_only"",""family"":""scoped"",""profile_variant"":""scoped"",""owner"":""session_5"",""information_type"":""temporary_constraint"",""applies_when"":""timed_practice_round"",""does_not_apply_when"":""general_learning_style"",""temporal_validity"":""context-dependent"",""confidence"":0.8,""evidence"":[""Another message asked for a summary of a news article."",""It is a temporary task constraint, not my general learning style.""], ""permission"":""response_personalization""}",writing_conciseness,scoped,session_5,temporary_constraint,context-dependent
25,education_answer_only-test-008-outside-scoped,education_answer_only-test-008,education_answer_only-test-008-outside,test,education_answer_only,education,scoped,outside,outside,"Session 1: Outside timed practice, I normally want explanations and hints.
Session 2: We also discussed the weather for an unrelated day trip.
Session 3: Another message asked for a summary of a news article.
Session 4: Just tell me the correct answer.
Session 5: This is a timed practice round, so I need only the answer right now.
Session 6: It is a temporary task constraint, not my general learning style.
Session 7: The answer-only request is limited to speed drills.",I am no longer timing myself; show me the reasoning.,IGNORE,answer-only assistance,user,temporary_constraint,context-dependent,"the user is in a timed drill, speed test, or explicitly requests answer-only output","the user is studying, reviewing mistakes, or asks for conceptual understanding","Is this a timed drill where you want only the answer, or a study question requiring explanation?",I will provide only the final answer.,I will explain the reasoning because the answer-only constraint does not apply here.,IGNORE,mismatch,0.0,The information provided does not directly relate to my previous preferences regarding time management.,"{""action"":""IGNORE"",""relation"":""mismatch"",""confidence"":0.0,""response"":""The information provided does not directly relate to my previous preferences regarding time management."",""reason"":""The query 'I am no longer timing myself' suggests a change in context that may affect how I previously applied my personalization settings.""}",json,"{""preference"": ""write_directness"", ""family"": ""writing_directness"", ""owner"": ""session_5"", ""information_type"": ""temporary_constraint"", ""applies_when"": ""timed_practice_round"", ""does_not_apply_when"": ""general_learning_style"", ""temporal_validity"": ""context-dependent"", ""confidence"": 0.8, ""evidence"": [""Just tell me the correct answer.""], ""permission"": ""response_personalization"", ""profile_variant"": ""scoped""}",json,"{""preference"":""write_directness"",""family"":""scoped"",""profile_variant"":""scoped"",""owner"":""session_5"",""information_type"":""temporary_constraint"",""applies_when"":""timed_practice_round"",""does_not_apply_when"":""general_learning_style"",""temporal_validity"":""context-dependent"",""confidence"":0.8,""evidence"":[""Just tell me the correct answer.""], ""permission"":""response_personalization""}",writing_directness,scoped,session_5,temporary_constraint,context-dependent
26,writing_directness-test-006-near-stable,writing_directness-test-006,writing_directness-test-006-near,test,writing_directness,writing,stable,near,inside,"Session 1: Across contexts, I prefer people to state the point clearly.
Session 2: Avoiding unnecessary hedging is a persistent preference of mine.
Session 3: We briefly talked about a grocery list for the weekend.
Session 4: Direct wording is my default style.
Session 5: Another message asked for a summary of a news article.
Session 6: Please make the message very direct.
Session 7: I generally value direct communication, even in sensitive discussions.","Write the message, although I have not said whether this is a conflict.",APPLY,direct communication,user,trait_preference,persistent,broadly across relevant situations,only when explicitly overridden or corrected,"Is this a routine logistical request, or a sensitive interpersonal message?",I will state the request directly and remove unnecessary hedging.,I will use gentler wording because the earlier direct style does not fit this context.,IGNORE,mismatch,0.0,"The query 'Write the message, although I have not said whether this is a conflict.' does not directly relate to my preferences as stated in the MEMORY section.","{""action"":""IGNORE"",""relation"":""mismatch"",""confidence"":0.0,""response"":""The query 'Write the message, although I have not said whether this is a conflict.' does not directly relate to my preferences as stated in the MEMORY section."",""reason"":""The query lacks specific information that would allow me to determine if it should apply or ignore based on my established preferences.""}",json,"{""preference"": ""write_directness"", ""family"": ""writing_directness"", ""owner"": ""none"", ""information_type"": ""temporary_constraint"", ""applies_when"": ""context-dependent"", ""does_not_apply_when"": ""education_answer_only,travel_budget,personal_information"", ""temporal_validity"": ""context-dependent"", ""confidence"": 0.9, ""evidence"": [""Across contexts, I prefer people to state the point clearly."", ""Avoiding unnecessary hedging is a persistent preference of mine."", ""We briefly talked about a grocery list for the weekend.""], ""permission"": ""response_personalization"", ""profile_variant"": ""stable""}",json,"{""preference"":""write_directness"",""family"":""stable"",""profile_variant"":""stable"",""owner"":""none"",""information_type"":""temporary_constraint"",""applies_when"":""context-dependent"",""does_not_apply_when"":""education_answer_only,travel_budget,personal_information"",""temporal_validity"":""context-dependent"",""confidence"":0.9,""evidence"":[""Across contexts, I prefer people to state the point clearly."",""Avoiding unnecessary hedging is a persistent preference of mine."",""We briefly talked about a grocery list for the weekend."",""Direct wording is my default style."",""Another message asked for a summary of a news article."",""Please make the message very direct.""], ""permission"":""response_personalization""}",writing_directness,stable,none,temporary_constraint,context-dependent
27,writing_directness-test-013-outside-scoped,writing_directness-test-013,writing_directness-test-013-outside,test,writing_directness,writing,scoped,outside,outside,"Session 1: This is an internal logistics message where speed matters.
Session 2: Another short conversation concerned a book recommendation.
Session 3: Another message asked for a summary of a news article.
Session 4: For emotional or conflict-sensitive conversations, I prefer gentler wording.
Session 5: Please make the message very direct.
Session 6: The direct style is limited to operational requests.
Session 7: It is not my general approach for every audience.",Help me apologize after an emotional argument.,IGNORE,direct communication,user,contextual_preference,context-dependent,"the message concerns logistics, deadlines, or clear task assignment","the message addresses grief, conflict, rejection, or another sensitive situation","Is this a routine logistical request, or a sensitive interpersonal message?",I will state the request directly and remove unnecessary hedging.,I will use gentler wording because the earlier direct style does not fit this context.,IGNORE,unknown,0.0,,"{""action"":""IGNORE"",""relation"":""unknown"",""confidence"":0.0,""response"":"""",""reason"":""A material fact needed to distinguish APPLY from IGNORE is genuinely missing.""}",json,"{""preference"": ""write_directness"", ""family"": ""writing_directness"", ""owner"": """", ""information_type"": ""temporary_constraint"", ""applies_when"": ""session_5"", ""does_not_apply_when"": ""all_other_sessions"", ""temporal_validity"": ""context-dependent"", ""confidence"": 0.9, ""evidence"": [""Please make the message very direct."", ""It is not my general approach for every audience."", ""The direct style is limited to operational requests.""], ""permission"": ""response_personalization"", ""profile_variant"": ""scoped""}",json,"```json
{
  ""preference"": ""write_directness"",
  ""family"": ""stable"",
  ""profile_variant"": ""scoped"",
  ""owner"": """",
  ""information_type"": ""temporary_constraint"",
  ""applies_when"": ""session_5"",
  ""does_not_apply_when"": ""all_other_sessions"",
  ""temporal_validity"": ""context-dependent"",
  ""confidence"": 0.9,
  ""evidence"": [
    ""Please make the message very direct."",
    ""It is not my general approach for every audience."",
    ""The direct style is limited to operational requests.""
  ],
  ""permission"": ""response_personalization""
}
```",writing_directness,scoped,,temporary_constraint,context-dependent
28,writing_directness-test-004-outside-scoped,writing_directness-test-004,writing_directness-test-004-outside,test,writing_directness,writing,scoped,outside,outside,"Session 1: It is not my general approach for every audience.
Session 2: We also discussed a calendar reminder for next month.
Session 3: There was an unrelated request to rename several documents.
Session 4: The direct style is limited to operational requests.
Session 5: Remove hedging and state the request clearly.
Session 6: This is an internal logistics message where speed matters.
Session 7: For emotional or conflict-sensitive conversations, I prefer gentler wording.",Write a compassionate message to someone facing bad news.,IGNORE,direct communication,user,contextual_preference,context-dependent,"the message concerns logistics, deadlines, or clear task assignment","the message addresses grief, conflict, rejection, or another sensitive situation","Is this a routine logistical request, or a sensitive interpersonal message?",I will state the request directly and remove unnecessary hedging.,I will use gentler wording because the earlier direct style does not fit this context.,IGNORE,mismatch,0.0,"The current query asks for a compassionate message to someone facing bad news, which which I do not apply as it does not align with the given context.","{""action"":""IGNORE"",""relation"":""mismatch"",""confidence"":0.0,""response"":""The current query asks for a compassionate message to someone facing bad news, which which I do not apply as it does not align with the given context."",""reason"":""The query's content and intent do not match the provided information type and applies_when/does_not_apply_when criteria.""}",json,"{""preference"": ""write_directly"", ""family"": ""writing_directness"", ""owner"": ""internal"", ""information_type"": ""temporary_constraint"", ""applies_when"": ""operational_request"", ""does_not_apply_when"": ""general_conversation"", ""temporal_validity"": ""context-dependent"", ""confidence"": 0.9, ""evidence"": [""It is not my general approach for every audience."", ""There was an unrelated request to rename several documents.""], ""permission"": ""response_personalization"", ""profile_variant"": ""stable""}",json,"{""preference"":""write_directly"",""family"":""stable"",""profile_variant"":""stable"",""owner"":""internal"",""information_type"":""temporary_constraint"",""applies_when"":""operational_request"",""does_not_apply_when"":""general_conversation"",""temporal_validity"":""context-dependent"",""confidence"":0.9,""evidence"":[""It is not my general approach for every audience."",""There was an unrelated request to rename several documents.""], ""permission"":""response_personalization""}",writing_directness,stable,internal,temporary_constraint,context-dependent
29,food_vegetarian-test-014-outside-scoped,food_vegetarian-test-014,food_vegetarian-test-014-outside,test,food_vegetarian,food,scoped,outside,outside,"Session 1: I normally eat meat and fish myself.
Session 2: Please suggest a vegetarian meal.
Session 3: We briefly talked about a grocery list for the weekend.
Session 4: There was a separate exchange about organizing files on a laptop.
Session 5: The vegetarian guest is my sister, not me.
Session 6: This meat-free request applies only when I am cooking for her.
Session 7: It should not be stored as my own general diet.","This meal is solely for me, and I have no meat restriction.",IGNORE,vegetarian meals,sister,other_owner,context-dependent,the meal is for the vegetarian sister or another explicitly vegetarian guest,the meal is for the user alone and no vegetarian guest is involved,"Is this meal for you, or for the vegetarian guest you mentioned?",I will recommend a fully vegetarian meal.,I will not treat another person's diet as your own preference.,IGNORE,mismatch,0.0,"The query specifies that the meal is solely for you without any meat restrictions, which differs from your family's preferences.","{""action"":""IGNORE"",""relation"":""mismatch"",""confidence"":0.0,""response"":""The query specifies that the meal is solely for you without any meat restrictions, which differs from your family's preferences."",""reason"":""The query directly contradicts the information provided in the memory regarding the family's food preference.""}",json,"{""preference"": ""food_vegetarian"", ""family"": ""food_vegetarian"", ""owner"": """", ""information_type"": ""temporary_constraint"", ""applies_when"": ""meat_free_request"", ""does_not_apply_when"": ""general_diet"", ""temporal_validity"": ""context-dependent"", ""confidence"": 0.9, ""evidence"": [""Session 1: I normally eat meat and fish myself."", ""Session 2: Please suggest a vegetarian meal."", ""Session 3: We briefly talked about a grocery list for the weekend.""], ""permission"": ""response_personalization"", ""profile_variant"": ""scoped""}",json,"```json
{
  ""preference"": ""food_vegetarian"",
  ""family"": ""stable"",
  ""profile_variant"": ""scoped"",
  ""owner"": """",
  ""information_type"": ""temporary_constraint"",
  ""applies_when"": ""meat_free_request"",
  ""does_not_apply_when"": ""general_diet"",
  ""temporal_validity"": ""context-dependent"",
  ""confidence"": 0.9,
  ""evidence"": [
    ""Session 1: I normally eat meat and fish myself."",
    ""Session 2: Please suggest a vegetarian meal."",
    ""Session 3: We briefly talked about a grocery list for the weekend."",
    ""Session 4: There was a separate exchange about organizing files on a laptop."",
    ""Session 5: The vegetarian guest is my sister, not me."",
    ""Session 6: This meat-free request applies only when I am cooking for her.""
  ],
  ""permission"": ""response_personalization""
}
```",food_vegetarian,scoped,,temporary_constraint,context-dependent
30,education_examples-test-005-near-scoped,education_examples-test-005,education_examples-test-005-near,test,education_examples,education,scoped,near,near,"Session 1: The request for examples applies only to abstract learning sessions.
Session 2: For reference sheets, I prefer compact definitions without examples.
Session 3: We also discussed the weather for an unrelated day trip.
Session 4: This concept is unusually abstract, so examples are needed for this topic.
Session 5: Use examples rather than only abstract definitions.
Session 6: A different session was about fixing a small Python error.
Session 7: It is not required in every educational response.",Choose whether to include examples; I have not stated my purpose.,CLARIFY,example-driven teaching,user,contextual_preference,context-dependent,"the concept is abstract, unfamiliar, or explicitly taught for understanding","the user requests a compact reference, formula sheet, or glossary entry","Is this for learning the idea, or for a compact reference sheet?",I will include concrete examples and connect them to the abstract idea.,I will keep this as a compact reference without adding worked examples.,IGNORE,mismatch,0.0,"The information type 'temporary_constraint' suggests that the constraint may change over time, making it unclear how to apply or ignore the example inclusion based on the current context.","{""action"":""IGNORE"",""relation"":""mismatch"",""confidence"":0.0,""response"":""The information type 'temporary_constraint' suggests that the constraint may change over time, making it unclear how to apply or ignore the example inclusion based on the current context."",""reason"":""The temporal validity of 'context-dependent' indicates that the constraint's applicability might vary depending on the situation.""}",json,"{""preference"": ""education_examples"", ""family"": ""writing_conciseness"", ""owner"": ""session_4"", ""information_type"": ""temporary_constraint"", ""applies_when"": ""this_session"", ""does_not_apply_when"": ""all_sessions_except_this_one"", ""temporal_validity"": ""context-dependent"", ""confidence"": 0.8, ""evidence"": [""This concept is unusually abstract, so examples are needed for this topic.""], ""permission"": ""response_personalization"", ""profile_variant"": ""scoped""}",json,"{""preference"":""education_examples"",""family"":""scoped"",""profile_variant"":""scoped"",""owner"":""session_4"",""information_type"":""temporary_constraint"",""applies_when"":""this_session"",""does_not_apply_when"":""all_sessions_except_this_one"",""temporal_validity"":""context-dependent"",""confidence"":0.8,""evidence"":[""This concept is unusually abstract, so examples are needed for this topic.""], ""permission"":""response_personalization""}",writing_conciseness,scoped,session_4,temporary_constraint,context-dependent
31,food_quick_meals-test-004-near-scoped,food_quick_meals-test-004,food_quick_meals-test-004-near,test,food_quick_meals,food,scoped,near,near,"Session 1: The quick-meal request applies only during the deadline period.
Session 2: We briefly talked about a grocery list for the weekend.
Session 3: This week I have an unusually heavy deadline.
Session 4: It is a temporary time constraint, not my general cooking preference.
Session 5: A different session was about fixing a small Python error.
Session 6: For this request, prioritize speed and convenience.
Session 7: Normally I enjoy slow cooking when my schedule is open.",I have not said whether I am still busy or finally free.,CLARIFY,quick-to-prepare meals,user,current_goal,context-dependent,the user is currently facing a deadline or has very limited cooking time,the deadline has passed and the user has time for relaxed cooking,"Are you still under time pressure, or do you have time for a longer recipe?","I will prioritize a fast, low-preparation meal.",I will consider a more involved recipe instead of assuming you are still time-constrained.,IGNORE,mismatch,0.0,The information provided does not directly relate to the preference for writing directness.,"{""action"":""IGNORE"",""relation"":""mismatch"",""confidence"":0.0,""response"":""The information provided does not directly relate to the preference for writing directness."",""reason"":""The query asks about being busy or free, which which is unrelated to the preference for writing directness.""}",json,"{""preference"": ""write_directness"", ""family"": ""writing_directness"", ""owner"": ""session_6"", ""information_type"": ""temporary_constraint"", ""applies_when"": ""deadline_period"", ""does_not_apply_when"": ""general_cooking_preference"", ""temporal_validity"": ""context-dependent"", ""confidence"": 0.8, ""evidence"": [""It is a temporary time constraint, not my general cooking preference.""], ""permission"": ""response_personalization"", ""profile_variant"": ""scoped""}",json,"{""preference"":""write_directness"",""family"":""scoped"",""profile_variant"":""scoped"",""owner"":""session_6"",""information_type"":""temporary_constraint"",""applies_when"":""deadline_period"",""does_not_apply_when"":""general_cooking_preference"",""temporal_validity"":""context-dependent"",""confidence"":0.8,""evidence"":[""It is a temporary time constraint, not my general cooking preference.""], ""permission"":""response_personalization""}",writing_directness,scoped,session_6,temporary_constraint,context-dependent
32,education_detail-test-007-near-scoped,education_detail-test-007,education_detail-test-007-near,test,education_detail,education,scoped,near,near,"Session 1: For routine checks and timed quizzes, I usually want only the answer.
Session 2: It is not a universal response-style preference.
Session 3: There was a separate exchange about organizing files on a laptop.
Session 4: There was an unrelated request to rename several documents.
Session 5: The detailed request is limited to unfamiliar learning material.
Session 6: Please explain this step by step.
Session 7: This topic is new to me, so I need extra detail for this lesson.",Choose the amount of explanation; my current goal is unclear.,CLARIFY,detailed step-by-step explanations,user,current_goal,context-dependent,the user is learning unfamiliar material or explicitly studying for understanding,the user is checking a known result or taking a timed quiz,"Are you learning this from scratch, or do you only want the final answer checked?",I will explain the method carefully and include the intermediate steps.,I will provide a concise verification rather than a full tutorial.,IGNORE,unknown,0.0,,"{""action"":""IGNORE"",""relation"":""unknown"",""confidence"":0.0,""response"":"""",""reason"":""The current query does not provide enough information to determine whether the preference should be applied, ignored, or clarified.""}",json,"{""preference"": ""write_directness"", ""family"": ""writing_directness"", ""owner"": ""session_owner"", ""information_type"": ""temporary_constraint"", ""applies_when"": ""routine_checks_timed_quizzes"", ""does_not_apply_when"": ""organizing_files_laptop,unrelated_request_rename_documents,new_topic_learning_material"", ""temporal_validity"": ""context-dependent"", ""confidence"": 0.8, ""evidence"": [""For routine checks and timed quizzes, I usually want only the answer."", ""It is not a universal response-style preference.""], ""permission"": ""response_personalization"", ""profile_variant"": ""stable""}",json,"{""preference"":""write_directness"",""family"":""stable"",""profile_variant"":""stable"",""owner"":""session_owner"",""information_type"":""temporary_constraint"",""applies_when"":""routine_checks_timed_quizzes"",""does_not_apply_when"":""organizing_files_laptop,unrelated_request_rename_documents,new_topic_learning_material"",""temporal_validity"":""context-dependent"",""confidence"":0.8,""evidence"":[""For routine checks and timed quizzes, I usually want only the answer."",""It is not a universal response-style preference.""], ""permission"":""response_personalization""}",writing_directness,stable,session_owner,temporary_constraint,context-dependent
33,travel_proximity-test-015-near-stable,travel_proximity-test-015,travel_proximity-test-015-near,test,travel_proximity,travel,stable,near,inside,"Session 1: Across trips, staying close to the main destination is my default.
Session 2: Find a hotel as close to the venue as possible.
Session 3: Another message asked for a summary of a news article.
Session 4: A different session was about fixing a small Python error.
Session 5: Proximity is a persistent accommodation preference for me.
Session 6: Even on relaxed vacations, I dislike long travel from the hotel.
Session 7: I generally prioritize location over hotel amenities.",The purpose and schedule of the visit are still unclear.,APPLY,accommodation close to the destination,user,trait_preference,persistent,broadly across relevant situations,only when explicitly overridden or corrected,"Is this a tightly scheduled short visit, or a relaxed leisure trip?",I will prioritize hotels close to the main destination.,I will consider quieter or more comfortable areas instead of assuming proximity is essential.,IGNORE,mismatch,0.0,The current query does not provide enough information to determine whether you prefer travel proximity or comfort.,"{""action"":""IGNORE"",""relation"":""mismatch"",""confidence"":0.0,""response"":""The current query does not provide enough information to determine whether you prefer travel proximity or comfort."",""reason"":""The query 'The purpose and schedule of the visit are still unclear' does not specify which aspect (proximity or comfort) is more important.""}",json,"{""preference"": ""travel_proximity"", ""family"": ""travel_comfort"", ""owner"": ""session_owner"", ""information_type"": ""temporary_constraint"", ""applies_when"": ""context-dependent"", ""does_not_apply_when"": ""writing_conciseness,write_formality,write_directness,education_detail,education_examples,education_answer_only,food_vegetarian,food_spiciness,food_quick_meals,travel_budget,travel_comfort"", ""temporal_validity"": ""context-dependent"", ""confidence"": 0.9, ""evidence"": [""Across trips, staying close to the main destination is my default."", ""Another message asked for a summary of a news article.""], ""permission"": ""response_personalization"", ""profile_variant"": ""stable""}",json,"{""preference"":""travel_proximity"",""family"":""stable"",""profile_variant"":""stable"",""owner"":""session_owner"",""information_type"":""temporary_constraint"",""applies_when"":""context-dependent"",""does_not_apply_when"":""writing_conciseness,write_formality,write_directness,education_detail,education_examples,education_answer_only,food_vegetarian,food_spiciness,food_quick_meals,travel_budget,travel_comfort"",""temporal_validity"":""context-dependent"",""confidence"":0.9,""evidence"":[""Across trips, staying close to the main destination is my default."",""Another message asked for a summary of a news article.""],""permission"":""response_personalization""}",travel_comfort,stable,session_owner,temporary_constraint,context-dependent
34,education_detail-test-008-inside-scoped,education_detail-test-008,education_detail-test-008-inside,test,education_detail,education,scoped,inside,inside,"Session 1: For routine checks and timed quizzes, I usually want only the answer.
Session 2: I want a detailed explanation with the intermediate reasoning.
Session 3: We also discussed a calendar reminder for next month.
Session 4: The detailed request is limited to unfamiliar learning material.
Session 5: There was a separate exchange about organizing files on a laptop.
Session 6: It is not a universal response-style preference.
Session 7: This topic is new to me, so I need extra detail for this lesson.","I am new to this subject, so build the explanation from first principles.",APPLY,detailed step-by-step explanations,user,current_goal,context-dependent,the user is learning unfamiliar material or explicitly studying for understanding,the user is checking a known result or taking a timed quiz,"Are you learning this from scratch, or do you only want the final answer checked?",I will explain the method carefully and include the intermediate steps.,I will provide a concise verification rather than a full tutorial.,IGNORE,unknown,0.0,,"{""action"":""IGNORE"",""relation"":""unknown"",""confidence"":0.0,""response"":"""",""reason"":""A material fact needed to distinguish APPLY from IGNORE is genuinely missing.""}",json,"{""preference"": ""education_answer_only"", ""family"": ""writing_conciseness"", ""owner"": ""writing_directness"", ""information_type"": ""temporary_constraint"", ""applies_when"": ""session_7"", ""does_not_apply_when"": ""all_other_sessions"", ""temporal_validity"": ""context-dependent"", ""confidence"": 0.8, ""evidence"": [""There was a separate exchange about organizing files on a laptop."", ""It is not a universal response-style preference.""], ""permission"": ""response_personalization"", ""profile_variant"": ""scoped""}",json,"{""preference"":""education_answer_only"",""family"":""scoped"",""profile_variant"":""scoped"",""owner"":""writing_directness"",""information_type"":""temporary_constraint"",""applies_when"":""session_7"",""does_not_apply_when"":""all_other_sessions"",""temporal_validity"":""context-dependent"",""confidence"":0.8,""evidence"":[""There was a separate exchange about organizing files on a laptop."",""It is not a universal response-style preference.""], ""permission"":""response_personalization""}",writing_conciseness,scoped,writing_directness,temporary_constraint,context-dependent
35,writing_formality-test-004-outside-scoped,writing_formality-test-004,writing_formality-test-004-outside,test,writing_formality,writing,scoped,outside,outside,"Session 1: It is an audience-specific requirement, not my universal style.
Session 2: This draft is addressed to a professor, so the audience requires formality.
Session 3: Make this draft professional and formal.
Session 4: I use a relaxed tone with friends and close teammates.
Session 5: We briefly talked about a grocery list for the weekend.
Session 6: There was an unrelated request to rename several documents.
Session 7: The formal request applies only to academic or official recipients.",Make this sound natural for a group chat with friends.,IGNORE,formal writing style,user,contextual_preference,context-dependent,"the recipient is a professor, administrator, employer, or other official audience",the recipient is a close friend or an informal peer group,Who is the recipient: an official contact or someone you know casually?,"I will use a formal, professional tone suitable for the recipient.",I will use a natural informal tone rather than transferring the official style.,IGNORE,unknown,0.0,The current query does not provide enough information to determine whether to apply or ignore the preference.,"{""action"":""IGNORE"",""relation"":""unknown"",""confidence"":0.0,""response"":""The current query does not provide enough information to determine whether to apply or ignore the preference."",""reason"":""A material fact needed to distinguish APPLY from IGNORE is genuinely missing.""}",json,"{""preference"": ""write_formality"", ""family"": ""writing_formality"", ""owner"": ""academic_or_official_recipients"", ""information_type"": ""temporary_constraint"", ""applies_when"": ""formal_request"", ""does_not_apply_when"": ""unrelated_requests"", ""temporal_validity"": ""context-dependent"", ""confidence"": 0.8, ""evidence"": [""This draft is addressed to a professor, so the audience requires formality."", ""Make this draft professional and formal.""], ""permission"": ""response_personalization"", ""profile_variant"": ""scoped""}",json,"{""preference"":""write_formality"",""family"":""scoped"",""profile_variant"":""scoped"",""owner"":""academic_or_official_recipients"",""information_type"":""temporary_constraint"",""applies_when"":""formal_request"",""does_not_apply_when"":""unrelated_requests"",""temporal_validity"":""context-dependent"",""confidence"":0.8,""evidence"":[""This draft is addressed to a professor, so the audience requires formality."",""Make this draft professional and formal.""], ""permission"":""response_personalization""}",writing_formality,scoped,academic_or_official_recipients,temporary_constraint,context-dependent
36,travel_budget-test-014-near-scoped,travel_budget-test-014,travel_budget-test-014-near,test,travel_budget,travel,scoped,near,near,"Session 1: This trip is different because the university reimbursement cap is strict.
Session 2: I usually enjoy comfortable premium hotels.
Session 3: Recommend an inexpensive hotel that is still acceptable.
Session 4: Another message asked for a summary of a news article.
Session 5: There was a separate exchange about organizing files on a laptop.
Session 6: Cheap accommodation is not a general travel preference for me.
Session 7: The low-price request is only for this capped trip.",It is unclear whether I or the sponsor will cover accommodation.,CLARIFY,budget-conscious accommodation,user,temporary_constraint,context-dependent,the traveler is paying personally or a strict reimbursement cap applies,the trip is fully reimbursed without a cap,"Will you pay personally, or is this trip reimbursed without a cap?","I will prioritize inexpensive, clean accommodation.",I will consider comfort and quality rather than assuming price is the main criterion.,IGNORE,mismatch,0.0,The information provided is insufficient to determine if I or the sponsor will cover accommodation.,"{""action"":""IGNORE"",""relation"":""mismatch"",""confidence"":0.0,""response"":""The information provided is insufficient to determine if I or the sponsor will cover accommodation."",""reason"":""A material fact needed to distinguish APPLY from IGNORE is genuinely missing.""}",json,"{""preference"": ""travel_comfort"", ""family"": ""travel_comfort"", ""owner"": """", ""information_type"": ""temporary_constraint"", ""applies_when"": ""this_trip"", ""does_not_apply_when"": ""general_travel_preference"", ""temporal_validity"": ""context-dependent"", ""confidence"": 0.8, ""evidence"": [""Another message asked for a summary of a news article."", ""Cheap accommodation is not a general travel preference for me."", ""The low-price request is only for this capped trip.""], ""permission"": ""response_personalization"", ""profile_variant"": ""scoped""}",json,"```json
{
  ""preference"": ""travel_comfort"",
  ""family"": ""scoped"",
  ""profile_variant"": ""scoped"",
  ""owner"": """",
  ""information_type"": ""temporary_constraint"",
  ""applies_when"": ""this_trip"",
  ""does_not_apply_when"": ""general_travel_preference"",
  ""temporal_validity"": ""context-dependent"",
  ""confidence"": 0.8,
  ""evidence"": [
    ""Another message asked for a summary of a news article."",
    ""Cheap accommodation is not a general travel preference for me."",
    ""The low-price request is only for this capped trip.""
  ],
  ""permission"": ""response_personalization""
}
```",travel_comfort,scoped,,temporary_constraint,context-dependent
37,writing_conciseness-test-006-outside-scoped,writing_conciseness-test-006,writing_conciseness-test-006-outside,test,writing_conciseness,writing,scoped,outside,outside,"Session 1: The short answer is only for time-pressured situations.
Session 2: A different session was about fixing a small Python error.
Session 3: Please keep this answer short and direct.
Session 4: I am about to join a meeting, so this request is unusually urgent.
Session 5: There was an unrelated request to rename several documents.
Session 6: This is not a general preference for every conversation.
Session 7: When learning something new, I normally want a detailed explanation.","I want to understand this deeply, so explain each step.",IGNORE,concise answers,user,temporary_state,context-dependent,"the request is urgent, exam-like, or explicitly asks for a direct answer",the user is learning a new concept or preparing a detailed presentation,"Would you like only the final answer, or a detailed step-by-step explanation?",I will keep the answer concise and give the main result first.,I will not force the earlier brevity preference onto this learning request.,IGNORE,unknown,0.0,"The information provided indicates that you prefer a concise response, which aligns with your stated preferences of writing_directness and temporary_constraint. However, since the context suggests a deeper understanding is desired, I will apply the 'write_directness' preference as per your request.","{""action"":""IGNORE"",""relation"":""unknown"",""confidence"":0.0,""response"":""The information provided indicates that you prefer a concise response, which aligns with your stated preferences of writing_directness and temporary_constraint. However, since the context suggests a deeper understanding is desired, I will apply the 'write_directness' preference as per your request."",""reason"":""The evidence provided supports applying the 'write_directness' preference while considering the need for a more detailed explanation.""}",json,"{""preference"": ""write_directness"", ""family"": ""writing_directness"", ""owner"": ""none"", ""information_type"": ""temporary_constraint"", ""applies_when"": ""context-dependent"", ""does_not_apply_when"": ""writing_conciseness, write_formality, write_complex, education_detail, travel_budget, travel_proximity, travel_comfort, food_vegetarian, food_spiciness, food_quick_meals"", ""temporal_validity"": ""context-dependent"", ""confidence"": 0.8, ""evidence"": [""Please keep this answer short and direct."", ""This is not a general preference for every conversation.""], ""permission"": ""response_personalization"", ""profile_variant"": ""stable""}",json,"{""preference"":""write_directness"",""family"":""stable"",""profile_variant"":""stable"",""owner"":""none"",""information_type"":""temporary_constraint"",""applies_when"":""context-dependent"",""does_not_apply_when"":""writing_conciseness, write_formality, write_complex, education_detail, travel_budget, travel_proximity, travel_comfort, food_vegetarian, food_spiciness, food_quick_meals"",""temporal_validity"":""context-dependent"",""confidence"":0.8,""evidence"":[""Please keep this answer short and direct."",""This is not a general preference for every conversation.""], ""permission"":""response_personalization""}",writing_directness,stable,none,temporary_constraint,context-dependent
38,education_examples-test-014-near-scoped,education_examples-test-014,education_examples-test-014-near,test,education_examples,education,scoped,near,near,"Session 1: The request for examples applies only to abstract learning sessions.
Session 2: Another message asked for a summary of a news article.
Session 3: This concept is unusually abstract, so examples are needed for this topic.
Session 4: Please teach this with several concrete examples.
Session 5: We briefly talked about a grocery list for the weekend.
Session 6: It is not required in every educational response.
Session 7: For reference sheets, I prefer compact definitions without examples.",Choose whether to include examples; I have not stated my purpose.,CLARIFY,example-driven teaching,user,contextual_preference,context-dependent,"the concept is abstract, unfamiliar, or explicitly taught for understanding","the user requests a compact reference, formula sheet, or glossary entry","Is this for learning the idea, or for a compact reference sheet?",I will include concrete examples and connect them to the abstract idea.,I will keep this as a compact reference without adding worked examples.,IGNORE,unknown,0.0,The information provided is insufficient to determine an appropriate action.,"{""action"":""IGNORE"",""relation"":""unknown"",""confidence"":0.0,""response"":""The information provided is insufficient to determine an appropriate action."",""reason"":""A material fact needed to distinguish APPLY from IGNORE is genuinely missing.""}",json,"{""preference"": ""education_examples"", ""family"": ""writing_conciseness"", ""owner"": ""session_3"", ""information_type"": ""temporary_constraint"", ""applies_when"": ""Session_3"", ""does_not_apply_when"": ""Session_1|Session_2|Session_4|Session_5|Session_6"", ""temporal_validity"": ""context-dependent"", ""confidence"": 0.8, ""evidence"": [""{'text': 'This concept is unusually abstract, so examples are needed for this topic.'}"", ""{'text': 'Please teach this with several concrete examples.'}""], ""permission"": ""response_personalization"", ""profile_variant"": ""scoped""}",json,"{""preference"":""education_examples"",""family"":""scoped"",""profile_variant"":""scoped"",""owner"":""session_3"",""information_type"":""temporary_constraint"",""applies_when"":""Session_3"",""does_not_apply_when"":""Session_1|Session_2|Session_4|Session_5|Session_6"",""temporal_validity"":""context-dependent"",""confidence"":0.8,""evidence"":[{""text"":""This concept is unusually abstract, so examples are needed for this topic.""},{""text"":""Please teach this with several concrete examples.""}],""permission"":""response_personalization""}",writing_conciseness,scoped,session_3,temporary_constraint,context-dependent
39,writing_conciseness-test-014-near-stable,writing_conciseness-test-014,writing_conciseness-test-014-near,test,writing_conciseness,writing,stable,near,inside,"Session 1: I generally prefer concise answers across most tasks.
Session 2: We briefly talked about a grocery list for the weekend.
Session 3: For this request, give me only the key points.
Session 4: There was a separate exchange about organizing files on a laptop.
Session 5: Even when I have time, I usually want the direct answer first.
Session 6: Brevity is a persistent interaction preference for me.
Session 7: Across our conversations, short responses are my default.",Should this be a quick answer or a tutorial? I have not decided.,APPLY,concise answers,user,trait_preference,persistent,broadly across relevant situations,only when explicitly overridden or corrected,"Would you like only the final answer, or a detailed step-by-step explanation?",I will keep the answer concise and give the main result first.,I will not force the earlier brevity preference onto this learning request.,IGNORE,unknown,0.0,,"{""action"":""IGNORE"",""relation"":""unknown"",""confidence"":0.0,""response"":"""",""reason"":""A material fact needed to distinguish APPLY from IGNORE is genuinely missing.""}",json,"{""preference"": ""write_directness"", ""family"": ""writing_directness"", ""owner"": ""writing_conciseness"", ""information_type"": ""temporal_validity"", ""applies_when"": ""persistent"", ""does_not_apply_when"": ""education_answer_only"", ""temporal_validity"": ""persistent"", ""confidence"": 0.9, ""evidence"": [""Even when I have time, I usually want the direct answer first."", ""Brevity is a persistent interaction preference for me.""], ""permission"": ""response_personalization"", ""profile_variant"": ""stable""}",json,"{""preference"":""write_directness"",""family"":""stable"",""profile_variant"":""stable"",""owner"":""writing_conciseness"",""information_type"":""temporal_validity"",""applies_when"":""persistent"",""does_not_apply_when"":""education_answer_only"",""temporal_validity"":""persistent"",""confidence"":0.9,""evidence"":[""Even when I have time, I usually want the direct answer first."",""Brevity is a persistent interaction preference for me.""], ""permission"":""response_personalization""}",writing_directness,stable,writing_conciseness,temporal_validity,persistent
40,food_quick_meals-test-004-outside-scoped,food_quick_meals-test-004,food_quick_meals-test-004-outside,test,food_quick_meals,food,scoped,outside,outside,"Session 1: The quick-meal request applies only during the deadline period.
Session 2: We briefly talked about a grocery list for the weekend.
Session 3: This week I have an unusually heavy deadline.
Session 4: It is a temporary time constraint, not my general cooking preference.
Session 5: A different session was about fixing a small Python error.
Session 6: For this request, prioritize speed and convenience.
Session 7: Normally I enjoy slow cooking when my schedule is open.",Work is finished and I have the whole afternoon to cook.,IGNORE,quick-to-prepare meals,user,current_goal,context-dependent,the user is currently facing a deadline or has very limited cooking time,the deadline has passed and the user has time for relaxed cooking,"Are you still under time pressure, or do you have time for a longer recipe?","I will prioritize a fast, low-preparation meal.",I will consider a more involved recipe instead of assuming you are still time-constrained.,IGNORE,mismatch,0.0,"The query indicates that you have the whole afternoon to cook, which does not align with the context of a deadline period.","{""action"":""IGNORE"",""relation"":""mismatch"",""confidence"":0.0,""response"":""The query indicates that you have the whole afternoon to cook, which does not align with the context of a deadline period."",""reason"":""The evidence provided suggests that the query contradicts the temporal validity of the information type.""}",json,"{""preference"": ""write_directness"", ""family"": ""writing_directness"", ""owner"": ""session_6"", ""information_type"": ""temporary_constraint"", ""applies_when"": ""deadline_period"", ""does_not_apply_when"": ""general_cooking_preference"", ""temporal_validity"": ""context-dependent"", ""confidence"": 0.8, ""evidence"": [""It is a temporary time constraint, not my general cooking preference.""], ""permission"": ""response_personalization"", ""profile_variant"": ""scoped""}",json,"{""preference"":""write_directness"",""family"":""scoped"",""profile_variant"":""scoped"",""owner"":""session_6"",""information_type"":""temporary_constraint"",""applies_when"":""deadline_period"",""does_not_apply_when"":""general_cooking_preference"",""temporal_validity"":""context-dependent"",""confidence"":0.8,""evidence"":[""It is a temporary time constraint, not my general cooking preference.""], ""permission"":""response_personalization""}",writing_directness,scoped,session_6,temporary_constraint,context-dependent
41,travel_comfort-test-007-inside-stable,travel_comfort-test-007,travel_comfort-test-007-inside,test,travel_comfort,travel,stable,inside,inside,"Session 1: Across trips, I am willing to pay more for an easier experience.
Session 2: There was a separate exchange about organizing files on a laptop.
Session 3: There was an unrelated request to rename several documents.
Session 4: For this trip, choose the most comfortable option.
Session 5: I generally prioritize comfort on every trip.
Session 6: Comfort is a persistent travel preference for me.
Session 7: Even for short journeys, I avoid inconvenient travel options.",My current physical condition requires extra travel comfort.,APPLY,high-comfort travel,user,trait_preference,persistent,broadly across relevant situations,only when explicitly overridden or corrected,Do you still need extra comfort or accessibility support for this trip?,"I will prioritize comfort, accessibility, and a low-strain itinerary.",I will not assume the temporary comfort requirement still applies.,IGNORE,mismatch,0.0,The query 'My current physical condition requires extra travel comfort' does not directly apply to my personal preferences related to 'travel_comfort'.,"{""action"":""IGNORE"",""relation"":""mismatch"",""confidence"":0.0,""response"":""The query 'My current physical condition requires extra travel comfort' does not directly apply to my personal preferences related to 'travel_comfort'."", ""reason"":""The query focuses on physical condition rather than travel preferences.""}",json,"{""preference"": ""travel_comfort"", ""family"": ""travel_comfort"", ""owner"": """", ""information_type"": ""temporary_constraint"", ""applies_when"": ""this_trip"", ""does_not_apply_when"": ""other_trips"", ""temporal_validity"": ""context-dependent"", ""confidence"": 0.9, ""evidence"": [""There was an unrelated request to rename several documents."", ""Comfort is a persistent travel preference for me."", ""Even for short journeys, I avoid inconvenient travel options.""], ""permission"": ""response_personalization"", ""profile_variant"": ""scoped""}",json,"```json
{
  ""preference"": ""travel_comfort"",
  ""family"": ""stable"",
  ""profile_variant"": ""scoped"",
  ""owner"": """",
  ""information_type"": ""temporary_constraint"",
  ""applies_when"": ""this_trip"",
  ""does_not_apply_when"": ""other_trips"",
  ""temporal_validity"": ""context-dependent"",
  ""confidence"": 0.9,
  ""evidence"": [
    ""There was an unrelated request to rename several documents."",
    ""Comfort is a persistent travel preference for me."",
    ""Even for short journeys, I avoid inconvenient travel options.""
  ],
  ""permission"": ""response_personalization""
}
```",travel_comfort,scoped,,temporary_constraint,context-dependent
42,travel_budget-test-008-near-scoped,travel_budget-test-008,travel_budget-test-008-near,test,travel_budget,travel,scoped,near,near,"Session 1: The low-price request is only for this capped trip.
Session 2: There was a separate exchange about organizing files on a laptop.
Session 3: Cheap accommodation is not a general travel preference for me.
Session 4: For this trip, please find a cheap but clean hotel.
Session 5: There was an unrelated request to rename several documents.
Session 6: I usually enjoy comfortable premium hotels.
Session 7: This trip is different because the university reimbursement cap is strict.",It is unclear whether I or the sponsor will cover accommodation.,CLARIFY,budget-conscious accommodation,user,temporary_constraint,context-dependent,the traveler is paying personally or a strict reimbursement cap applies,the trip is fully reimbursed without a cap,"Will you pay personally, or is this trip reimbursed without a cap?","I will prioritize inexpensive, clean accommodation.",I will consider comfort and quality rather than assuming price is the main criterion.,IGNORE,unknown,0.0,,"{""action"":""IGNORE"",""relation"":""unknown"",""confidence"":0.0,""response"":"""",""reason"":""A material fact needed to distinguish APPLY from IGNORE is genuinely missing.""}",json,"{""preference"": ""travel_budget"", ""family"": ""travel_comfort"", ""owner"": ""session_history"", ""information_type"": ""temporary_constraint"", ""applies_when"": ""this_trip"", ""does_not_apply_when"": ""general_travel_preferences"", ""temporal_validity"": ""context-dependent"", ""confidence"": 0.8, ""evidence"": [""There was a separate exchange about organizing files on a laptop."", ""Cheap accommodation is not a general travel preference for me.""], ""permission"": ""response_personalization"", ""profile_variant"": ""scoped""}",json,"{""preference"":""travel_budget"",""family"":""scoped"",""profile_variant"":""scoped"",""owner"":""session_history"",""information_type"":""temporary_constraint"",""applies_when"":""this_trip"",""does_not_apply_when"":""general_travel_preferences"",""temporal_validity"":""context-dependent"",""confidence"":0.8,""evidence"":[""There was a separate exchange about organizing files on a laptop."",""Cheap accommodation is not a general travel preference for me.""], ""permission"":""response_personalization""}",travel_comfort,scoped,session_history,temporary_constraint,context-dependent
43,travel_comfort-test-008-outside-scoped,travel_comfort-test-008,travel_comfort-test-008-outside,test,travel_comfort,travel,scoped,outside,outside,"Session 1: Extra comfort is medically useful during this recovery period.
Session 2: Another short conversation concerned a book recommendation.
Session 3: A different session was about fixing a small Python error.
Session 4: This comfort requirement is temporary, not a universal preference.
Session 5: For this trip, choose the most comfortable option.
Session 6: After recovery, I usually accept basic low-cost travel.
Session 7: I am recovering from a temporary back injury.","Recovery is complete, so basic transportation is fine now.",IGNORE,high-comfort travel,user,temporary_state,context-dependent,"the user is currently injured, physically exhausted, or needs accessibility support",the user has recovered and is planning a routine low-cost trip,Do you still need extra comfort or accessibility support for this trip?,"I will prioritize comfort, accessibility, and a low-strain itinerary.",I will not assume the temporary comfort requirement still applies.,IGNORE,mismatch,0.0,"The current query indicates that recovery is complete, which suggests that basic transportation should no longer be considered as an issue. This differs from the context of 'basic transportation is fine now' mentioned in the memory.","{""action"":""IGNORE"",""relation"":""mismatch"",""confidence"":0.0,""response"":""The current query indicates that recovery is complete, which suggests that basic transportation should no longer be considered as an issue. This differs from the context of 'basic transportation is fine now' mentioned in the memory."",""reason"":""The query's focus on recovery completeness contradicts the need for basic transportation being fine.""}",json,"{""preference"": ""travel_comfort"", ""family"": ""travel_comfort"", ""owner"": ""session_3"", ""information_type"": ""temporary_constraint"", ""applies_when"": ""this_trip"", ""does_not_apply_when"": ""general_preference"", ""temporal_validity"": ""context-dependent"", ""confidence"": 0.8, ""evidence"": [""A different session was about fixing a small Python error."", ""Another short conversation concerned a book recommendation.""], ""permission"": ""response_personalization"", ""profile_variant"": ""scoped""}",json,"{""preference"":""travel_comfort"",""family"":""scoped"",""profile_variant"":""scoped"",""owner"":""session_3"",""information_type"":""temporary_constraint"",""applies_when"":""this_trip"",""does_not_apply_when"":""general_preference"",""temporal_validity"":""context-dependent"",""confidence"":0.8,""evidence"":[""A different session was about fixing a small Python error."",""Another short conversation concerned a book recommendation.""], ""permission"":""response_personalization""}",travel_comfort,scoped,session_3,temporary_constraint,context-dependent
44,writing_conciseness-test-003-near-scoped,writing_conciseness-test-003,writing_conciseness-test-003-near,test,writing_conciseness,writing,scoped,near,near,"Session 1: When learning something new, I normally want a detailed explanation.
Session 2: We also discussed a calendar reminder for next month.
Session 3: I am about to join a meeting, so this request is unusually urgent.
Session 4: Please keep this answer short and direct.
Session 5: The short answer is only for time-pressured situations.
Session 6: There was a separate exchange about organizing files on a laptop.
Session 7: This is not a general preference for every conversation.",I am unsure whether I need the summary or the full explanation.,CLARIFY,concise answers,user,temporary_state,context-dependent,"the request is urgent, exam-like, or explicitly asks for a direct answer",the user is learning a new concept or preparing a detailed presentation,"Would you like only the final answer, or a detailed step-by-step explanation?",I will keep the answer concise and give the main result first.,I will not force the earlier brevity preference onto this learning request.,IGNORE,unknown,0.0,,"{""action"":""IGNORE"",""relation"":""unknown"",""confidence"":0.0,""response"":"""",""reason"":""A material fact needed to distinguish APPLY from IGNORE is genuinely missing.""}",json,"{""preference"": ""write_directness"", ""family"": ""writing_directness"", ""owner"": ""session_owner"", ""information_type"": ""temporary_constraint"", ""applies_when"": ""this_request_is_unusually_urgent"", ""does_not_apply_when"": ""not_a_general_preference_for_every_conversation"", ""temporal_validity"": ""context-dependent"", ""confidence"": 0.8, ""evidence"": [""I am about to join a meeting, so this request is unusually urgent."", ""The short answer is only for time-pressured situations.""], ""permission"": ""response_personalization"", ""profile_variant"": ""scoped""}",json,"{""preference"":""write_directness"",""family"":""scoped"",""profile_variant"":""scoped"",""owner"":""session_owner"",""information_type"":""temporary_constraint"",""applies_when"":""this_request_is_unusually_urgent"",""does_not_apply_when"":""not_a_general_preference_for_every_conversation"",""temporal_validity"":""context-dependent"",""confidence"":0.8,""evidence"":[""I am about to join a meeting, so this request is unusually urgent."",""The short answer is only for time-pressured situations.""], ""permission"":""response_personalization""}",writing_directness,scoped,session_owner,temporary_constraint,context-dependent
45,writing_conciseness-test-008-outside-scoped,writing_conciseness-test-008,writing_conciseness-test-008-outside,test,writing_conciseness,writing,scoped,outside,outside,"Session 1: When learning something new, I normally want a detailed explanation.
Session 2: We also discussed a calendar reminder for next month.
Session 3: The short answer is only for time-pressured situations.
Session 4: There was an unrelated request to rename several documents.
Session 5: Please keep this answer short and direct.
Session 6: I am about to join a meeting, so this request is unusually urgent.
Session 7: This is not a general preference for every conversation.","I want to understand this deeply, so explain each step.",IGNORE,concise answers,user,temporary_state,context-dependent,"the request is urgent, exam-like, or explicitly asks for a direct answer",the user is learning a new concept or preparing a detailed presentation,"Would you like only the final answer, or a detailed step-by-step explanation?",I will keep the answer concise and give the main result first.,I will not force the earlier brevity preference onto this learning request.,IGNORE,unknown,0.0,,"{""action"":""IGNORE"",""relation"":""unknown"",""confidence"":0.0,""response"":"""",""reason"":""A material fact needed to distinguish APPLY from IGNORE is genuinely missing.""}",json,"{""preference"": ""write_directness"", ""family"": ""writing_directness"", ""owner"": ""none"", ""information_type"": ""temporary_constraint"", ""applies_when"": ""session_5"", ""does_not_apply_when"": ""all"", ""temporal_validity"": ""context-dependent"", ""confidence"": 0.8, ""evidence"": [""The short answer is only for time-pressured situations."", ""This is not a general preference for every conversation.""], ""permission"": ""response_personalization"", ""profile_variant"": ""scoped""}",json,"{""preference"":""write_directness"",""family"":""scoped"",""profile_variant"":""scoped"",""owner"":""none"",""information_type"":""temporary_constraint"",""applies_when"":""session_5"",""does_not_apply_when"":""all"",""temporal_validity"":""context-dependent"",""confidence"":0.8,""evidence"":[""The short answer is only for time-pressured situations."",""This is not a general preference for every conversation.""], ""permission"":""response_personalization""}",writing_directness,scoped,none,temporary_constraint,context-dependent
46,writing_formality-test-014-outside-scoped,writing_formality-test-014,writing_formality-test-014-outside,test,writing_formality,writing,scoped,outside,outside,"Session 1: The formal request applies only to academic or official recipients.
Session 2: Make this draft professional and formal.
Session 3: Another short conversation concerned a book recommendation.
Session 4: It is an audience-specific requirement, not my universal style.
Session 5: Another message asked for a summary of a news article.
Session 6: This draft is addressed to a professor, so the audience requires formality.
Session 7: I use a relaxed tone with friends and close teammates.",Write a playful note to my cousin.,IGNORE,formal writing style,user,contextual_preference,context-dependent,"the recipient is a professor, administrator, employer, or other official audience",the recipient is a close friend or an informal peer group,Who is the recipient: an official contact or someone you know casually?,"I will use a formal, professional tone suitable for the recipient.",I will use a natural informal tone rather than transferring the official style.,IGNORE,unknown,0.0,,"{""action"":""IGNORE"",""relation"":""unknown"",""confidence"":0.0,""response"":"""",""reason"":""A material fact needed to distinguish APPLY from IGNORE is genuinely missing.""}",json,"{""preference"": ""write_formality"", ""family"": ""writing_formality"", ""owner"": ""professor"", ""information_type"": ""temporary_constraint"", ""applies_when"": ""academic_or_official_recipients"", ""does_not_apply_when"": ""general_context"", ""temporal_validity"": ""context-dependent"", ""confidence"": 0.8, ""evidence"": [""The formal request applies only to academic or official recipients."", ""Make this draft professional and formal.""], ""permission"": ""response_personalization"", ""profile_variant"": ""scoped""}",json,"{""preference"":""write_formality"",""family"":""scoped"",""profile_variant"":""scoped"",""owner"":""professor"",""information_type"":""temporary_constraint"",""applies_when"":""academic_or_official_recipients"",""does_not_apply_when"":""general_context"",""temporal_validity"":""context-dependent"",""confidence"":0.8,""evidence"":[""The formal request applies only to academic or official recipients."",""Make this draft professional and formal.""], ""permission"":""response_personalization""}",writing_formality,scoped,professor,temporary_constraint,context-dependent
47,writing_formality-test-015-near-scoped,writing_formality-test-015,writing_formality-test-015-near,test,writing_formality,writing,scoped,near,near,"Session 1: It is an audience-specific requirement, not my universal style.
Session 2: Make this draft professional and formal.
Session 3: This draft is addressed to a professor, so the audience requires formality.
Session 4: The formal request applies only to academic or official recipients.
Session 5: Another message asked for a summary of a news article.
Session 6: There was a separate exchange about organizing files on a laptop.
Session 7: I use a relaxed tone with friends and close teammates.",Polish this text; I am not sure yet whether it is for a professor or a friend.,CLARIFY,formal writing style,user,contextual_preference,context-dependent,"the recipient is a professor, administrator, employer, or other official audience",the recipient is a close friend or an informal peer group,Who is the recipient: an official contact or someone you know casually?,"I will use a formal, professional tone suitable for the recipient.",I will use a natural informal tone rather than transferring the official style.,IGNORE,unknown,0.0,The information provided is insufficient to determine the appropriate action.,"{""action"":""IGNORE"",""relation"":""unknown"",""confidence"":0.0,""response"":""The information provided is insufficient to determine the appropriate action."",""reason"":""A material fact needed to distinguish APPLY from IGNORE is genuinely missing.""}",json,"{""preference"": ""write_formality"", ""family"": ""writing_formality"", ""owner"": ""academic_or_official_recipient"", ""information_type"": ""temporary_constraint"", ""applies_when"": ""session_5"", ""does_not_apply_when"": ""session_1, session_2, session_3, session_4, session_6, session_7"", ""temporal_validity"": ""context-dependent"", ""confidence"": 0.8, ""evidence"": [""Another message asked for a summary of a news article."", ""There was a separate exchange about organizing files on a laptop.""], ""permission"": ""response_personalization"", ""profile_variant"": ""scoped""}",json,"{""preference"":""write_formality"",""family"":""scoped"",""profile_variant"":""scoped"",""owner"":""academic_or_official_recipient"",""information_type"":""temporary_constraint"",""applies_when"":""session_5"",""does_not_apply_when"":""session_1, session_2, session_3, session_4, session_6, session_7"",""temporal_validity"":""context-dependent"",""confidence"":0.8,""evidence"":[""Another message asked for a summary of a news article."",""There was a separate exchange about organizing files on a laptop.""], ""permission"":""response_personalization""}",writing_formality,scoped,academic_or_official_recipient,temporary_constraint,context-dependent
48,education_examples-test-015-outside-scoped,education_examples-test-015,education_examples-test-015-outside,test,education_examples,education,scoped,outside,outside,"Session 1: For reference sheets, I prefer compact definitions without examples.
Session 2: There was an unrelated request to rename several documents.
Session 3: Use examples rather than only abstract definitions.
Session 4: The request for examples applies only to abstract learning sessions.
Session 5: Another short conversation concerned a book recommendation.
Session 6: This concept is unusually abstract, so examples are needed for this topic.
Session 7: It is not required in every educational response.","I need a compact reference entry, not a worked example.",IGNORE,example-driven teaching,user,contextual_preference,context-dependent,"the concept is abstract, unfamiliar, or explicitly taught for understanding","the user requests a compact reference, formula sheet, or glossary entry","Is this for learning the idea, or for a compact reference sheet?",I will include concrete examples and connect them to the abstract idea.,I will keep this as a compact reference without adding worked examples.,IGNORE,unknown,0.0,,"{""action"":""IGNORE"",""relation"":""unknown"",""confidence"":0.0,""response"":"""",""reason"":""A material fact needed to distinguish APPLY from IGNORE is genuinely missing.""}",json,"{""preference"": ""write_directness"", ""family"": ""writing_directness"", ""owner"": """", ""information_type"": ""temporary_constraint"", ""applies_when"": ""session_6"", ""does_not_apply_when"": ""all_other_sessions"", ""temporal_validity"": ""context-dependent"", ""confidence"": 0.9, ""evidence"": [""Session 6: This concept is unusually abstract, so examples are needed for this topic."", ""Session 4: The request for examples applies only to abstract learning sessions."", ""Session 3: Use examples rather than only abstract definitions.""], ""permission"": ""response_personalization"", ""profile_variant"": ""scoped""}",json,"```json
{
  ""preference"": ""write_directness"",
  ""family"": ""stable"",
  ""profile_variant"": ""scoped"",
  ""owner"": """",
  ""information_type"": ""temporary_constraint"",
  ""applies_when"": ""session_6"",
  ""does_not_apply_when"": ""all_other_sessions"",
  ""temporal_validity"": ""context-dependent"",
  ""confidence"": 0.9,
  ""evidence"": [
    ""Session 6: This concept is unusually abstract, so examples are needed for this topic."",
    ""Session 4: The request for examples applies only to abstract learning sessions."",
    ""Session 3: Use examples rather than only abstract definitions.""
  ],
  ""permission"": ""response_personalization""
}
```",writing_directness,scoped,,temporary_constraint,context-dependent
49,food_quick_meals-test-001-outside-scoped,food_quick_meals-test-001,food_quick_meals-test-001-outside,test,food_quick_meals,food,scoped,outside,outside,"Session 1: It is a temporary time constraint, not my general cooking preference.
Session 2: This week I have an unusually heavy deadline.
Session 3: Normally I enjoy slow cooking when my schedule is open.
Session 4: For this request, prioritize speed and convenience.
Session 5: We also discussed a calendar reminder for next month.
Session 6: We also discussed the weather for an unrelated day trip.
Session 7: The quick-meal request applies only during the deadline period.",Work is finished and I have the whole afternoon to cook.,IGNORE,quick-to-prepare meals,user,current_goal,context-dependent,the user is currently facing a deadline or has very limited cooking time,the deadline has passed and the user has time for relaxed cooking,"Are you still under time pressure, or do you have time for a longer recipe?","I will prioritize a fast, low-preparation meal.",I will consider a more involved recipe instead of assuming you are still time-constrained.,IGNORE,mismatch,0.0,The information provided does not directly relate to your request about work being finished and having an afternoon to cook.,"{""action"":""IGNORE"",""relation"":""mismatch"",""confidence"":0.0,""response"":""The information provided does not directly relate to your request about work being finished and having an afternoon to cook."",""reason"":""The query 'Work is finished and I have the whole afternoon to cook' does not satisfy any of the conditions specified in the memory (applies_when, does_not_apply_when).""}",json,"{""preference"": ""write_directness"", ""family"": ""writing_directness"", ""owner"": ""session_3"", ""information_type"": ""temporary_constraint"", ""applies_when"": ""deadline_period"", ""does_not_apply_when"": ""weather_for_trip"", ""temporal_validity"": ""context-dependent"", ""confidence"": 0.8, ""evidence"": [""Normally I enjoy slow cooking when my schedule is open."", ""We also discussed a calendar reminder for next month.""], ""permission"": ""response_personalization"", ""profile_variant"": ""scoped""}",json,"{""preference"":""write_directness"",""family"":""scoped"",""profile_variant"":""scoped"",""owner"":""session_3"",""information_type"":""temporary_constraint"",""applies_when"":""deadline_period"",""does_not_apply_when"":""weather_for_trip"",""temporal_validity"":""context-dependent"",""confidence"":0.8,""evidence"":[""Normally I enjoy slow cooking when my schedule is open."",""We also discussed a calendar reminder for next month.""], ""permission"":""response_personalization""}",writing_directness,scoped,session_3,temporary_constraint,context-dependent
50,writing_conciseness-test-012-inside-stable,writing_conciseness-test-012,writing_conciseness-test-012-inside,test,writing_conciseness,writing,stable,inside,inside,"Session 1: Across our conversations, short responses are my default.
Session 2: There was a separate exchange about organizing files on a laptop.
Session 3: Brevity is a persistent interaction preference for me.
Session 4: We briefly talked about a grocery list for the weekend.
Session 5: I generally prefer concise answers across most tasks.
Session 6: Please keep this answer short and direct.
Session 7: Even when I have time, I usually want the direct answer first.",Treat this as a rapid-fire question and keep it brief.,APPLY,concise answers,user,trait_preference,persistent,broadly across relevant situations,only when explicitly overridden or corrected,"Would you like only the final answer, or a detailed step-by-step explanation?",I will keep the answer concise and give the main result first.,I will not force the earlier brevity preference onto this learning request.,IGNORE,mismatch,0.0,,"{""action"":""IGNORE"",""relation"":""mismatch"",""confidence"":0.0,""response"":"""",""reason"":""The query 'Treat this as a rapid-fire question and keep it brief' does not provide enough information to determine if the preference should apply.""}",json,"{""preference"": ""write_directness"", ""family"": ""writing_directness"", ""owner"": ""writing_conciseness"", ""information_type"": ""temporary_constraint"", ""applies_when"": ""context-dependent"", ""does_not_apply_when"": ""education_answer_only,travel_budget,food_spiciness,travel_proximity,travel_comfort,food_vegetarian"", ""temporal_validity"": ""context-dependent"", ""confidence"": 0.9, ""evidence"": [""Brevity is a persistent interaction preference for me."", ""Please keep this answer short and direct.""], ""permission"": ""response_personalization"", ""profile_variant"": ""stable""}",json,"{""preference"":""write_directness"",""family"":""stable"",""profile_variant"":""stable"",""owner"":""writing_conciseness"",""information_type"":""temporary_constraint"",""applies_when"":""context-dependent"",""does_not_apply_when"":""education_answer_only,travel_budget,food_spiciness,travel_proximity,travel_comfort,food_vegetarian"",""temporal_validity"":""context-dependent"",""confidence"":0.9,""evidence"":[""Brevity is a persistent interaction preference for me."",""Please keep this answer short and direct.""], ""permission"":""response_personalization""}",writing_directness,stable,writing_conciseness,temporary_constraint,context-dependent
51,food_vegetarian-test-000-near-scoped,food_vegetarian-test-000,food_vegetarian-test-000-near,test,food_vegetarian,food,scoped,near,near,"Session 1: It should not be stored as my own general diet.
Session 2: We also discussed a calendar reminder for next month.
Session 3: There was an unrelated request to rename several documents.
Session 4: I normally eat meat and fish myself.
Session 5: This meat-free request applies only when I am cooking for her.
Session 6: For this request, avoid meat and fish.
Session 7: The vegetarian guest is my sister, not me.","Recommend food, but I have not confirmed whether my sister is attending.",CLARIFY,vegetarian meals,sister,other_owner,context-dependent,the meal is for the vegetarian sister or another explicitly vegetarian guest,the meal is for the user alone and no vegetarian guest is involved,"Is this meal for you, or for the vegetarian guest you mentioned?",I will recommend a fully vegetarian meal.,I will not treat another person's diet as your own preference.,IGNORE,mismatch,0.0,,"{""action"":""IGNORE"",""relation"":""mismatch"",""confidence"":0.0,""response"":"""",""reason"":""The query 'I have not confirmed whether my sister is attending' does not specify any information about payment sources or preferences related to food type.""}",json,"{""preference"": ""food_vegetarian"", ""family"": ""food_vegetarian"", ""owner"": """", ""information_type"": ""temporary_constraint"", ""applies_when"": ""this_request"", ""does_not_apply_when"": ""other_requests"", ""temporal_validity"": ""context-dependent"", ""confidence"": 0.9, ""evidence"": [""There was an unrelated request to rename several documents."", ""This meat-free request applies only when I am cooking for her.""], ""permission"": ""response_personalization"", ""profile_variant"": ""scoped""}",json,"```json
{
  ""preference"": ""food_vegetarian"",
  ""family"": ""stable"",
  ""profile_variant"": ""scoped"",
  ""owner"": """",
  ""information_type"": ""temporary_constraint"",
  ""applies_when"": ""this_request"",
  ""does_not_apply_when"": ""other_requests"",
  ""temporal_validity"": ""context-dependent"",
  ""confidence"": 0.9,
  ""evidence"": [
    ""There was an unrelated request to rename several documents."",
    ""This meat-free request applies only when I am cooking for her.""
  ],
  ""permission"": ""response_personalization""
}
```",food_vegetarian,scoped,,temporary_constraint,context-dependent
52,travel_comfort-test-006-near-scoped,travel_comfort-test-006,travel_comfort-test-006-near,test,travel_comfort,travel,scoped,near,near,"Session 1: Extra comfort is medically useful during this recovery period.
Session 2: This comfort requirement is temporary, not a universal preference.
Session 3: We briefly talked about a grocery list for the weekend.
Session 4: There was a separate exchange about organizing files on a laptop.
Session 5: For this trip, choose the most comfortable option.
Session 6: I am recovering from a temporary back injury.
Session 7: After recovery, I usually accept basic low-cost travel.",My present recovery status has not been specified.,CLARIFY,high-comfort travel,user,temporary_state,context-dependent,"the user is currently injured, physically exhausted, or needs accessibility support",the user has recovered and is planning a routine low-cost trip,Do you still need extra comfort or accessibility support for this trip?,"I will prioritize comfort, accessibility, and a low-strain itinerary.",I will not assume the temporary comfort requirement still applies.,IGNORE,unknown,0.0,,"{""action"":""IGNORE"",""relation"":""unknown"",""confidence"":0.0,""response"":"""",""reason"":""A material fact needed to distinguish APPLY from IGNORE is genuinely missing.""}",json,"{""preference"": ""travel_comfort"", ""family"": ""travel_comfort"", ""owner"": ""session_5"", ""information_type"": ""temporary_constraint"", ""applies_when"": ""Session 6"", ""does_not_apply_when"": ""Session 7"", ""temporal_validity"": ""context-dependent"", ""confidence"": 0.8, ""evidence"": [""Session 6: For this trip, choose the most comfortable option."", ""Session 7: After recovery, I usually accept basic low-cost travel.""], ""permission"": ""response_personalization"", ""profile_variant"": ""scoped""}",json,"{""preference"":""travel_comfort"",""family"":""scoped"",""profile_variant"":""scoped"",""owner"":""session_5"",""information_type"":""temporary_constraint"",""applies_when"":""Session 6"",""does_not_apply_when"":""Session 7"",""temporal_validity"":""context-dependent"",""confidence"":0.8,""evidence"":[""Session 6: For this trip, choose the most comfortable option."",""Session 7: After recovery, I usually accept basic low-cost travel.""], ""permission"":""response_personalization""}",travel_comfort,scoped,session_5,temporary_constraint,context-dependent
53,food_spiciness-test-002-outside-scoped,food_spiciness-test-002,food_spiciness-test-002-outside,test,food_spiciness,food,scoped,outside,outside,"Session 1: Normally I enjoy very spicy food.
Session 2: Another short conversation concerned a book recommendation.
Session 3: The mild-food request applies only during this treatment period.
Session 4: Another message asked for a summary of a news article.
Session 5: It is a temporary health constraint, not my usual taste.
Session 6: For this meal, avoid strong chili heat.
Session 7: My stomach is temporarily sensitive because of medication.",I have recovered and want a dish with plenty of heat.,IGNORE,mild food,user,temporary_state,context-dependent,the user is still taking the medication or has an active stomach problem,the treatment has ended and the stomach problem has resolved,"Is your stomach still sensitive, or has the temporary restriction ended?",I will recommend a mild dish with little or no chili heat.,I will not assume the temporary mild-food restriction still applies.,IGNORE,mismatch,0.0,The query 'I have recovered and want a dish with plenty of heat' does not apply based on the information provided.,"{""action"":""IGNORE"",""relation"":""mismatch"",""confidence"":0.0,""response"":""The query 'I have recovered and want a dish with plenty of heat' does not apply based on the information provided."",""reason"":""The evidence suggests that the preference is for mild food, which which the query for heat-rich dishes contradicts.""}",json,"{""preference"": ""food_spiciness"", ""family"": ""travel_comfort"", ""owner"": """", ""information_type"": ""temporary_constraint"", ""applies_when"": ""session_3"", ""does_not_apply_when"": ""all_other_sessions"", ""temporal_validity"": ""context-dependent"", ""confidence"": 0.8, ""evidence"": [""The mild-food request applies only during this treatment period."", ""Another message asked for a summary of a news article."", ""It is a temporary health constraint, not my usual taste.""], ""permission"": ""response_personalization"", ""profile_variant"": ""scoped""}",json,"```json
{
  ""preference"": ""food_spiciness"",
  ""family"": ""travel_comfort"",
  ""profile_variant"": ""scoped"",
  ""owner"": """",
  ""information_type"": ""temporary_constraint"",
  ""applies_when"": ""session_3"",
  ""does_not_apply_when"": ""all_other_sessions"",
  ""temporal_validity"": ""context-dependent"",
  ""confidence"": 0.8,
  ""evidence"": [
    ""The mild-food request applies only during this treatment period."",
    ""Another message asked for a summary of a news article."",
    ""It is a temporary health constraint, not my usual taste.""
  ],
  ""permission"": ""response_personalization""
}
```",travel_comfort,scoped,,temporary_constraint,context-dependent
54,travel_proximity-test-001-near-scoped,travel_proximity-test-001,travel_proximity-test-001-near,test,travel_proximity,travel,scoped,near,near,"Session 1: The tight schedule makes proximity important only for this trip.
Session 2: The walking-distance request is not a general preference.
Session 3: This is a one-day business visit with meetings from early morning.
Session 4: Another message asked for a summary of a news article.
Session 5: For this trip, prioritize walking distance to the destination.
Session 6: There was a separate exchange about organizing files on a laptop.
Session 7: On normal vacations, I prefer quieter hotels outside crowded centers.",The purpose and schedule of the visit are still unclear.,CLARIFY,accommodation close to the destination,user,current_goal,context-dependent,the trip is a short business visit with a tightly packed schedule,the trip is a relaxed multi-day leisure vacation,"Is this a tightly scheduled short visit, or a relaxed leisure trip?",I will prioritize hotels close to the main destination.,I will consider quieter or more comfortable areas instead of assuming proximity is essential.,IGNORE,mismatch,0.0,The information provided about the purpose and schedule of the visit is insufficient to determine whether to apply the personalization rule.,"{""action"":""IGNORE"",""relation"":""mismatch"",""confidence"":0.0,""response"":""The information provided about the purpose and schedule of the visit is insufficient to determine whether to apply the personalization rule."",""reason"":""The query does not satisfy any specific condition that would either apply or ignore the personalization.""}",json,"{""preference"": ""travel_proximity"", ""family"": ""travel_comfort"", ""owner"": """", ""information_type"": ""temporary_constraint"", ""applies_when"": ""this_trip"", ""does_not_apply_when"": ""normal_vacations"", ""temporal_validity"": ""context-dependent"", ""confidence"": 0.8, ""evidence"": [""This is a one-day business visit with meetings from early morning."", ""Another message asked for a summary of a news article."", ""On normal vacations, I prefer quieter hotels outside crowded centers.""], ""permission"": ""response_personalization"", ""profile_variant"": ""scoped""}",json,"```json
{
  ""preference"": ""travel_proximity"",
  ""family"": ""scoped"",
  ""profile_variant"": ""scoped"",
  ""owner"": """",
  ""information_type"": ""temporary_constraint"",
  ""applies_when"": ""this_trip"",
  ""does_not_apply_when"": ""normal_vacations"",
  ""temporal_validity"": ""context-dependent"",
  ""confidence"": 0.8,
  ""evidence"": [
    ""This is a one-day business visit with meetings from early morning."",
    ""Another message asked for a summary of a news article."",
    ""On normal vacations, I prefer quieter hotels outside crowded centers.""
  ],
  ""permission"": ""response_personalization""
}
```",travel_comfort,scoped,,temporary_constraint,context-dependent
55,writing_conciseness-test-014-near-scoped,writing_conciseness-test-014,writing_conciseness-test-014-near,test,writing_conciseness,writing,scoped,near,near,"Session 1: The short answer is only for time-pressured situations.
Session 2: We also discussed the weather for an unrelated day trip.
Session 3: This is not a general preference for every conversation.
Session 4: A different session was about fixing a small Python error.
Session 5: When learning something new, I normally want a detailed explanation.
Session 6: For this request, give me only the key points.
Session 7: I am about to join a meeting, so this request is unusually urgent.",Should this be a quick answer or a tutorial? I have not decided.,CLARIFY,concise answers,user,temporary_state,context-dependent,"the request is urgent, exam-like, or explicitly asks for a direct answer",the user is learning a new concept or preparing a detailed presentation,"Would you like only the final answer, or a detailed step-by-step explanation?",I will keep the answer concise and give the main result first.,I will not force the earlier brevity preference onto this learning request.,IGNORE,unknown,0.0,The information provided is insufficient to determine whether this should be a quick answer or a tutorial.,"{""action"":""IGNORE"",""relation"":""unknown"",""confidence"":0.0,""response"":""The information provided is insufficient to determine whether this should be a quick answer or a tutorial."",""reason"":""A material fact needed to distinguish APPLY from IGNORE is genuinely missing.""}",json,"{""preference"": ""write_directness"", ""family"": ""writing_directness"", ""owner"": ""none"", ""information_type"": ""temporary_constraint"", ""applies_when"": ""when_urgency_is_higher_than_normal"", ""does_not_apply_when"": ""not_urgent_or_time_pressured"", ""temporal_validity"": ""context-dependent"", ""confidence"": 0.8, ""evidence"": [""When joining a meeting, this request is unusually urgent."", ""This request is unusual in urgency compared to normal conversations.""], ""permission"": ""response_personalization"", ""profile_variant"": ""scoped""}",json,"{""preference"":""write_directness"",""family"":""scoped"",""profile_variant"":""scoped"",""owner"":""none"",""information_type"":""temporary_constraint"",""applies_when"":""when_urgency_is_higher_than_normal"",""does_not_apply_when"":""not_urgent_or_time_pressured"",""temporal_validity"":""context-dependent"",""confidence"":0.8,""evidence"":[""When joining a meeting, this request is unusually urgent."",""This request is unusual in urgency compared to normal conversations.""], ""permission"":""response_personalization""}",writing_directness,scoped,none,temporary_constraint,context-dependent
56,travel_proximity-test-007-outside-scoped,travel_proximity-test-007,travel_proximity-test-007-outside,test,travel_proximity,travel,scoped,outside,outside,"Session 1: On normal vacations, I prefer quieter hotels outside crowded centers.
Session 2: We briefly talked about a grocery list for the weekend.
Session 3: This is a one-day business visit with meetings from early morning.
Session 4: The tight schedule makes proximity important only for this trip.
Session 5: A different session was about fixing a small Python error.
Session 6: For this trip, prioritize walking distance to the destination.
Session 7: The walking-distance request is not a general preference.",I have a long holiday and do not mind traveling to attractions.,IGNORE,accommodation close to the destination,user,current_goal,context-dependent,the trip is a short business visit with a tightly packed schedule,the trip is a relaxed multi-day leisure vacation,"Is this a tightly scheduled short visit, or a relaxed leisure trip?",I will prioritize hotels close to the main destination.,I will consider quieter or more comfortable areas instead of assuming proximity is essential.,IGNORE,mismatch,0.0,,"{""action"":""IGNORE"",""relation"":""mismatch"",""confidence"":0.0,""response"":"""",""reason"":""The query indicates a long holiday without specifying travel preferences, which may lead to an ambiguous response.""}",json,"{""preference"": ""travel_proximity"", ""family"": ""travel_comfort"", ""owner"": ""session_6"", ""information_type"": ""temporary_constraint"", ""applies_when"": ""this_trip"", ""does_not_apply_when"": ""normal_vacations"", ""temporal_validity"": ""context-dependent"", ""confidence"": 0.8, ""evidence"": [""This is a one-day business visit with meetings from early morning."", ""The walking-distance request is not a general preference.""], ""permission"": ""response_personalization"", ""profile_variant"": ""scoped""}",json,"{""preference"":""travel_proximity"",""family"":""scoped"",""profile_variant"":""scoped"",""owner"":""session_6"",""information_type"":""temporary_constraint"",""applies_when"":""this_trip"",""does_not_apply_when"":""normal_vacations"",""temporal_validity"":""context-dependent"",""confidence"":0.8,""evidence"":[""This is a one-day business visit with meetings from early morning."",""The walking-distance request is not a general preference.""], ""permission"":""response_personalization""}",travel_comfort,scoped,session_6,temporary_constraint,context-dependent
57,food_spiciness-test-006-outside-scoped,food_spiciness-test-006,food_spiciness-test-006-outside,test,food_spiciness,food,scoped,outside,outside,"Session 1: It is a temporary health constraint, not my usual taste.
Session 2: Please make the dish mild rather than spicy.
Session 3: We also discussed a calendar reminder for next month.
Session 4: My stomach is temporarily sensitive because of medication.
Session 5: We briefly talked about a grocery list for the weekend.
Session 6: The mild-food request applies only during this treatment period.
Session 7: Normally I enjoy very spicy food.",I have recovered and want a dish with plenty of heat.,IGNORE,mild food,user,temporary_state,context-dependent,the user is still taking the medication or has an active stomach problem,the treatment has ended and the stomach problem has resolved,"Is your stomach still sensitive, or has the temporary restriction ended?",I will recommend a mild dish with little or no chili heat.,I will not assume the temporary mild-food restriction still applies.,IGNORE,mismatch,0.0,The query 'I have recovered and want a dish with plenty of heat' does not apply based on the given information.,"{""action"":""IGNORE"",""relation"":""mismatch"",""confidence"":0.0,""response"":""The query 'I have recovered and want a dish with plenty of heat' does not apply based on the given information."",""reason"":""The user's statement about wanting a dish with plenty of heat contradicts the temporary sensitivity due to medication mentioned in the context.""}",json,"{""preference"": ""food_spiciness"", ""family"": ""food_spiciness"", ""owner"": """", ""information_type"": ""temporary_constraint"", ""applies_when"": ""during_this_treatment_period"", ""does_not_apply_when"": ""not_during_this_treatment_period"", ""temporal_validity"": ""context-dependent"", ""confidence"": 0.9, ""evidence"": [""Session 6: The mild-food request applies only during this treatment period."", ""Session 7: Normally I enjoy very spicy food."", ""Session 4: My stomach is temporarily sensitive because of medication.""], ""permission"": ""response_personalization"", ""profile_variant"": ""scoped""}",json,"```json
{
  ""preference"": ""food_spiciness"",
  ""family"": ""scoped"",
  ""profile_variant"": ""scoped"",
  ""owner"": """",
  ""information_type"": ""temporary_constraint"",
  ""applies_when"": ""during_this_treatment_period"",
  ""does_not_apply_when"": ""not_during_this_treatment_period"",
  ""temporal_validity"": ""context-dependent"",
  ""confidence"": 0.9,
  ""evidence"": [
    ""Session 6: The mild-food request applies only during this treatment period."",
    ""Session 7: Normally I enjoy very spicy food."",
    ""Session 4: My stomach is temporarily sensitive because of medication.""
  ],
  ""permission"": ""response_personalization""
}
```",food_spiciness,scoped,,temporary_constraint,context-dependent
58,travel_budget-test-010-outside-scoped,travel_budget-test-010,travel_budget-test-010-outside,test,travel_budget,travel,scoped,outside,outside,"Session 1: The low-price request is only for this capped trip.
Session 2: Cheap accommodation is not a general travel preference for me.
Session 3: A different session was about fixing a small Python error.
Session 4: I usually enjoy comfortable premium hotels.
Session 5: Recommend an inexpensive hotel that is still acceptable.
Session 6: There was a separate exchange about organizing files on a laptop.
Session 7: This trip is different because the university reimbursement cap is strict.","Accommodation is completely reimbursed, without a price ceiling.",IGNORE,budget-conscious accommodation,user,temporary_constraint,context-dependent,the traveler is paying personally or a strict reimbursement cap applies,the trip is fully reimbursed without a cap,"Will you pay personally, or is this trip reimbursed without a cap?","I will prioritize inexpensive, clean accommodation.",I will consider comfort and quality rather than assuming price is the main criterion.,IGNORE,mismatch,0.0,"The query specifies that accommodation is completely reimbursed, which which contradicts the context of this specific trip where there's a price ceiling.","{""action"":""IGNORE"",""relation"":""mismatch"",""confidence"":0.0,""response"":""The query specifies that accommodation is completely reimbursed, which which contradicts the context of this specific trip where there's a price ceiling."",""reason"":""The evidence provided in the memory indicates that the user has a preference against being reimbursed for accommodations at a price ceiling, while the current query suggests otherwise.""}",json,"{""preference"": ""travel_budget"", ""family"": ""travel_comfort"", ""owner"": """", ""information_type"": ""temporary_constraint"", ""applies_when"": ""this_trip"", ""does_not_apply_when"": ""general_travel_preferences"", ""temporal_validity"": ""context-dependent"", ""confidence"": 0.9, ""evidence"": [""The low-price request is only for this capped trip."", ""Cheap accommodation is not a general travel preference for me."", ""This trip is different because the university reimbursement cap is strict.""], ""permission"": ""response_personalization"", ""profile_variant"": ""scoped""}",json,"```json
{
  ""preference"": ""travel_budget"",
  ""family"": ""scoped"",
  ""profile_variant"": ""scoped"",
  ""owner"": """",
  ""information_type"": ""temporary_constraint"",
  ""applies_when"": ""this_trip"",
  ""does_not_apply_when"": ""general_travel_preferences"",
  ""temporal_validity"": ""context-dependent"",
  ""confidence"": 0.9,
  ""evidence"": [
    ""The low-price request is only for this capped trip."",
    ""Cheap accommodation is not a general travel preference for me."",
    ""This trip is different because the university reimbursement cap is strict.""
  ],
  ""permission"": ""response_personalization""
}
```",travel_comfort,scoped,,temporary_constraint,context-dependent
59,travel_proximity-test-009-near-scoped,travel_proximity-test-009,travel_proximity-test-009-near,test,travel_proximity,travel,scoped,near,near,"Session 1: The tight schedule makes proximity important only for this trip.
Session 2: The walking-distance request is not a general preference.
Session 3: This is a one-day business visit with meetings from early morning.
Session 4: There was a separate exchange about organizing files on a laptop.
Session 5: Find a hotel as close to the venue as possible.
Session 6: We briefly talked about a grocery list for the weekend.
Session 7: On normal vacations, I prefer quieter hotels outside crowded centers.","Suggest lodging, although I have not decided the trip itinerary.",CLARIFY,accommodation close to the destination,user,current_goal,context-dependent,the trip is a short business visit with a tightly packed schedule,the trip is a relaxed multi-day leisure vacation,"Is this a tightly scheduled short visit, or a relaxed leisure trip?",I will prioritize hotels close to the main destination.,I will consider quieter or more comfortable areas instead of assuming proximity is essential.,IGNORE,mismatch,0.0,The query suggests lodging without specifying whether it's for a specific trip or just in general.,"{""action"":""IGNORE"",""relation"":""mismatch"",""confidence"":0.0,""response"":""The query suggests lodging without specifying whether it's for a specific trip or just in general."", ""reason"":""The information type is temporary constraint, and there is no clear indication of how the response should apply to the current context.""}",json,"{""preference"": ""travel_proximity"", ""family"": ""travel_comfort"", ""owner"": """", ""information_type"": ""temporary_constraint"", ""applies_when"": ""this_trip"", ""does_not_apply_when"": ""normal_vacations"", ""temporal_validity"": ""context-dependent"", ""confidence"": 0.8, ""evidence"": [""This is a one-day business visit with meetings from early morning."", ""The walking-distance request is not a general preference.""], ""permission"": ""response_personalization"", ""profile_variant"": ""scoped""}",json,"```json
{
  ""preference"": ""travel_proximity"",
  ""family"": ""stable"",
  ""profile_variant"": ""scoped"",
  ""owner"": """",
  ""information_type"": ""temporary_constraint"",
  ""applies_when"": ""this_trip"",
  ""does_not_apply_when"": ""normal_vacations"",
  ""temporal_validity"": ""context-dependent"",
  ""confidence"": 0.8,
  ""evidence"": [
    ""This is a one-day business visit with meetings from early morning."",
    ""The walking-distance request is not a general preference.""
  ],
  ""permission"": ""response_personalization""
}
```",travel_comfort,scoped,,temporary_constraint,context-dependent
60,writing_formality-test-012-near-scoped,writing_formality-test-012,writing_formality-test-012-near,test,writing_formality,writing,scoped,near,near,"Session 1: The formal request applies only to academic or official recipients.
Session 2: I use a relaxed tone with friends and close teammates.
Session 3: We also discussed a calendar reminder for next month.
Session 4: A different session was about fixing a small Python error.
Session 5: Make this draft professional and formal.
Session 6: It is an audience-specific requirement, not my universal style.
Session 7: This draft is addressed to a professor, so the audience requires formality.","Adjust the tone, but the recipient has not been decided.",CLARIFY,formal writing style,user,contextual_preference,context-dependent,"the recipient is a professor, administrator, employer, or other official audience",the recipient is a close friend or an informal peer group,Who is the recipient: an official contact or someone you know casually?,"I will use a formal, professional tone suitable for the recipient.",I will use a natural informal tone rather than transferring the official style.,IGNORE,mismatch,0.0,,"{""action"":""IGNORE"",""relation"":""mismatch"",""confidence"":0.0,""response"":"""",""reason"":""The query 'Adjust the tone' does not specify a particular recipient, making it unclear whether the change should apply universally or just to the specified recipient.""}",json,"{""preference"": ""write_formality"", ""family"": ""writing_formality"", ""owner"": ""professor"", ""information_type"": ""audience_specific_requirement"", ""applies_when"": ""addressed_to_a_professor"", ""does_not_apply_when"": ""academic_or_official_recipients"", ""temporal_validity"": ""context-dependent"", ""confidence"": 0.8, ""evidence"": [""We also discussed a calendar reminder for next month."", ""A different session was about fixing a small Python error.""], ""permission"": ""response_personalization"", ""profile_variant"": ""scoped""}",json,"{""preference"":""write_formality"",""family"":""scoped"",""profile_variant"":""scoped"",""owner"":""professor"",""information_type"":""audience_specific_requirement"",""applies_when"":""addressed_to_a_professor"",""does_not_apply_when"":""academic_or_official_recipients"",""temporal_validity"":""context-dependent"",""confidence"":0.8,""evidence"":[""We also discussed a calendar reminder for next month."",""A different session was about fixing a small Python error.""], ""permission"":""response_personalization""}",writing_formality,scoped,professor,audience_specific_requirement,context-dependent
61,food_spiciness-test-006-near-scoped,food_spiciness-test-006,food_spiciness-test-006-near,test,food_spiciness,food,scoped,near,near,"Session 1: It is a temporary health constraint, not my usual taste.
Session 2: Please make the dish mild rather than spicy.
Session 3: We also discussed a calendar reminder for next month.
Session 4: My stomach is temporarily sensitive because of medication.
Session 5: We briefly talked about a grocery list for the weekend.
Session 6: The mild-food request applies only during this treatment period.
Session 7: Normally I enjoy very spicy food.",I have not said whether the medicine course is complete.,CLARIFY,mild food,user,temporary_state,context-dependent,the user is still taking the medication or has an active stomach problem,the treatment has ended and the stomach problem has resolved,"Is your stomach still sensitive, or has the temporary restriction ended?",I will recommend a mild dish with little or no chili heat.,I will not assume the temporary mild-food restriction still applies.,IGNORE,unknown,0.0,,"{""action"":""IGNORE"",""relation"":""unknown"",""confidence"":0.0,""response"":"""",""reason"":""A material fact needed to distinguish APPLY from IGNORE is genuinely missing.""}",json,"{""preference"": ""food_spiciness"", ""family"": ""food_spiciness"", ""owner"": """", ""information_type"": ""temporary_constraint"", ""applies_when"": ""during_this_treatment_period"", ""does_not_apply_when"": ""not_during_this_treatment_period"", ""temporal_validity"": ""context-dependent"", ""confidence"": 0.9, ""evidence"": [""Session 6: The mild-food request applies only during this treatment period."", ""Session 7: Normally I enjoy very spicy food."", ""Session 4: My stomach is temporarily sensitive because of medication.""], ""permission"": ""response_personalization"", ""profile_variant"": ""scoped""}",json,"```json
{
  ""preference"": ""food_spiciness"",
  ""family"": ""scoped"",
  ""profile_variant"": ""scoped"",
  ""owner"": """",
  ""information_type"": ""temporary_constraint"",
  ""applies_when"": ""during_this_treatment_period"",
  ""does_not_apply_when"": ""not_during_this_treatment_period"",
  ""temporal_validity"": ""context-dependent"",
  ""confidence"": 0.9,
  ""evidence"": [
    ""Session 6: The mild-food request applies only during this treatment period."",
    ""Session 7: Normally I enjoy very spicy food."",
    ""Session 4: My stomach is temporarily sensitive because of medication.""
  ],
  ""permission"": ""response_personalization""
}
```",food_spiciness,scoped,,temporary_constraint,context-dependent
62,food_spiciness-test-011-near-scoped,food_spiciness-test-011,food_spiciness-test-011-near,test,food_spiciness,food,scoped,near,near,"Session 1: It is a temporary health constraint, not my usual taste.
Session 2: Normally I enjoy very spicy food.
Session 3: The mild-food request applies only during this treatment period.
Session 4: There was an unrelated request to rename several documents.
Session 5: For this meal, avoid strong chili heat.
Session 6: We also discussed the weather for an unrelated day trip.
Session 7: My stomach is temporarily sensitive because of medication.",I have not said whether the medicine course is complete.,CLARIFY,mild food,user,temporary_state,context-dependent,the user is still taking the medication or has an active stomach problem,the treatment has ended and the stomach problem has resolved,"Is your stomach still sensitive, or has the temporary restriction ended?",I will recommend a mild dish with little or no chili heat.,I will not assume the temporary mild-food restriction still applies.,IGNORE,unknown,0.0,,"{""action"":""IGNORE"",""relation"":""unknown"",""confidence"":0.0,""response"":"""",""reason"":""A material fact needed to distinguish APPLY from IGNORE is genuinely missing.""}",json,"{""preference"": ""travel_comfort"", ""family"": ""travel_comfort"", ""owner"": """", ""information_type"": ""temporary_constraint"", ""applies_when"": ""session_7"", ""does_not_apply_when"": ""all_sessions_except_session_7"", ""temporal_validity"": ""context-dependent"", ""confidence"": 0.9, ""evidence"": [""My stomach is temporarily sensitive because of medication."", ""The mild-food request applies only during this treatment period."", ""There was an unrelated request to rename several documents.""], ""permission"": ""response_personalization"", ""profile_variant"": ""scoped""}",json,"```json
{
  ""preference"": ""travel_comfort"",
  ""family"": ""scoped"",
  ""profile_variant"": ""scoped"",
  ""owner"": """",
  ""information_type"": ""temporary_constraint"",
  ""applies_when"": ""session_7"",
  ""does_not_apply_when"": ""all_sessions_except_session_7"",
  ""temporal_validity"": ""context-dependent"",
  ""confidence"": 0.9,
  ""evidence"": [
    ""My stomach is temporarily sensitive because of medication."",
    ""The mild-food request applies only during this treatment period."",
    ""There was an unrelated request to rename several documents.""
  ],
  ""permission"": ""response_personalization""
}
```",travel_comfort,scoped,,temporary_constraint,context-dependent
63,education_detail-test-009-outside-scoped,education_detail-test-009,education_detail-test-009-outside,test,education_detail,education,scoped,outside,outside,"Session 1: This topic is new to me, so I need extra detail for this lesson.
Session 2: It is not a universal response-style preference.
Session 3: For routine checks and timed quizzes, I usually want only the answer.
Session 4: Another short conversation concerned a book recommendation.
Session 5: There was a separate exchange about organizing files on a laptop.
Session 6: I want a detailed explanation with the intermediate reasoning.
Session 7: The detailed request is limited to unfamiliar learning material.",I only need a quick correctness check on a familiar exercise.,IGNORE,detailed step-by-step explanations,user,current_goal,context-dependent,the user is learning unfamiliar material or explicitly studying for understanding,the user is checking a known result or taking a timed quiz,"Are you learning this from scratch, or do you only want the final answer checked?",I will explain the method carefully and include the intermediate steps.,I will provide a concise verification rather than a full tutorial.,IGNORE,mismatch,0.0,"The query indicates a familiarity with the topic, which might suggest that no immediate correction is necessary.","{""action"":""IGNORE"",""relation"":""mismatch"",""confidence"":0.0,""response"":""The query indicates a familiarity with the topic, which might suggest that no immediate correction is necessary."",""reason"":""The query suggests a context where the user already has some knowledge of the subject matter, making an explicit request for a quick correctness check less urgent.""}",json,"{""preference"": ""education_detail"", ""family"": ""writing_conciseness"", ""owner"": ""writing_conciseness"", ""information_type"": ""temporary_constraint"", ""applies_when"": ""session_6"", ""does_not_apply_when"": ""session_1"", ""temporal_validity"": ""context-dependent"", ""confidence"": 0.8, ""evidence"": [""Another short conversation concerned a book recommendation."", ""There was a separate exchange about organizing files on a laptop.""], ""permission"": ""response_personalization"", ""profile_variant"": ""stable""}",json,"{""preference"":""education_detail"",""family"":""stable"",""profile_variant"":""stable"",""owner"":""writing_conciseness"",""information_type"":""temporary_constraint"",""applies_when"":""session_6"",""does_not_apply_when"":""session_1"",""temporal_validity"":""context-dependent"",""confidence"":0.8,""evidence"":[""Another short conversation concerned a book recommendation."",""There was a separate exchange about organizing files on a laptop.""], ""permission"":""response_personalization""}",writing_conciseness,stable,writing_conciseness,temporary_constraint,context-dependent
64,education_detail-test-005-near-scoped,education_detail-test-005,education_detail-test-005-near,test,education_detail,education,scoped,near,near,"Session 1: For routine checks and timed quizzes, I usually want only the answer.
Session 2: It is not a universal response-style preference.
Session 3: The detailed request is limited to unfamiliar learning material.
Session 4: I want a detailed explanation with the intermediate reasoning.
Session 5: A different session was about fixing a small Python error.
Session 6: Another short conversation concerned a book recommendation.
Session 7: This topic is new to me, so I need extra detail for this lesson.",Choose the amount of explanation; my current goal is unclear.,CLARIFY,detailed step-by-step explanations,user,current_goal,context-dependent,the user is learning unfamiliar material or explicitly studying for understanding,the user is checking a known result or taking a timed quiz,"Are you learning this from scratch, or do you only want the final answer checked?",I will explain the method carefully and include the intermediate steps.,I will provide a concise verification rather than a full tutorial.,IGNORE,unknown,0.0,,"{""action"":""IGNORE"",""relation"":""unknown"",""confidence"":0.0,""response"":"""",""reason"":""A material fact needed to distinguish APPLY from IGNORE is genuinely missing.""}",json,"{""preference"": ""education_answer_only"", ""family"": ""writing_conciseness"", ""owner"": ""routine_checks_and_timed_quizzes"", ""information_type"": ""temporary_constraint"", ""applies_when"": ""session_7"", ""does_not_apply_when"": ""all_other_sessions"", ""temporal_validity"": ""context-dependent"", ""confidence"": 0.8, ""evidence"": [""Another short conversation concerned a book recommendation."", ""This topic is new to me, so I need extra detail for this lesson.""], ""permission"": ""response_personalization"", ""profile_variant"": ""scoped""}",json,"{""preference"":""education_answer_only"",""family"":""scoped"",""profile_variant"":""scoped"",""owner"":""routine_checks_and_timed_quizzes"",""information_type"":""temporary_constraint"",""applies_when"":""session_7"",""does_not_apply_when"":""all_other_sessions"",""temporal_validity"":""context-dependent"",""confidence"":0.8,""evidence"":[""Another short conversation concerned a book recommendation."",""This topic is new to me, so I need extra detail for this lesson.""], ""permission"":""response_personalization""}",writing_conciseness,scoped,routine_checks_and_timed_quizzes,temporary_constraint,context-dependent
65,travel_budget-test-012-outside-scoped,travel_budget-test-012,travel_budget-test-012-outside,test,travel_budget,travel,scoped,outside,outside,"Session 1: The low-price request is only for this capped trip.
Session 2: I usually enjoy comfortable premium hotels.
Session 3: Another message asked for a summary of a news article.
Session 4: We briefly talked about a grocery list for the weekend.
Session 5: Recommend an inexpensive hotel that is still acceptable.
Session 6: Cheap accommodation is not a general travel preference for me.
Session 7: This trip is different because the university reimbursement cap is strict.","Accommodation is completely reimbursed, without a price ceiling.",IGNORE,budget-conscious accommodation,user,temporary_constraint,context-dependent,the traveler is paying personally or a strict reimbursement cap applies,the trip is fully reimbursed without a cap,"Will you pay personally, or is this trip reimbursed without a cap?","I will prioritize inexpensive, clean accommodation.",I will consider comfort and quality rather than assuming price is the main criterion.,IGNORE,mismatch,0.0,,"{""action"":""IGNORE"",""relation"":""mismatch"",""confidence"":0.0,""response"":"""",""reason"":""The query specifies reimbursement without a price ceiling, which does not directly apply to the scoped constraint in the memory.""}",json,"{""preference"": ""travel_budget"", ""family"": ""travel_comfort"", ""owner"": """", ""information_type"": ""temporary_constraint"", ""applies_when"": ""this_trip"", ""does_not_apply_when"": ""general_travel_preferences"", ""temporal_validity"": ""context-dependent"", ""confidence"": 0.8, ""evidence"": [""Another message asked for a summary of a news article."", ""We briefly talked about a grocery list for the weekend."", ""Recommend an inexpensive hotel that is still acceptable.""], ""permission"": ""response_personalization"", ""profile_variant"": ""scoped""}",json,"```json
{
  ""preference"": ""travel_budget"",
  ""family"": ""scoped"",
  ""profile_variant"": ""scoped"",
  ""owner"": """",
  ""information_type"": ""temporary_constraint"",
  ""applies_when"": ""this_trip"",
  ""does_not_apply_when"": ""general_travel_preferences"",
  ""temporal_validity"": ""context-dependent"",
  ""confidence"": 0.8,
  ""evidence"": [
    ""Another message asked for a summary of a news article."",
    ""We briefly talked about a grocery list for the weekend."",
    ""Recommend an inexpensive hotel that is still acceptable.""
  ],
  ""permission"": ""response_personalization""
}
```",travel_comfort,scoped,,temporary_constraint,context-dependent
66,travel_proximity-test-011-outside-scoped,travel_proximity-test-011,travel_proximity-test-011-outside,test,travel_proximity,travel,scoped,outside,outside,"Session 1: On normal vacations, I prefer quieter hotels outside crowded centers.
Session 2: Find a hotel as close to the venue as possible.
Session 3: We also discussed a calendar reminder for next month.
Session 4: The tight schedule makes proximity important only for this trip.
Session 5: Another message asked for a summary of a news article.
Session 6: This is a one-day business visit with meetings from early morning.
Session 7: The walking-distance request is not a general preference.",I have a long holiday and do not mind traveling to attractions.,IGNORE,accommodation close to the destination,user,current_goal,context-dependent,the trip is a short business visit with a tightly packed schedule,the trip is a relaxed multi-day leisure vacation,"Is this a tightly scheduled short visit, or a relaxed leisure trip?",I will prioritize hotels close to the main destination.,I will consider quieter or more comfortable areas instead of assuming proximity is essential.,IGNORE,unknown,0.0,,"{""action"":""IGNORE"",""relation"":""unknown"",""confidence"":0.0,""response"":"""",""reason"":""A material fact needed to distinguish APPLY from IGNORE is genuinely missing.""}",json,"{""preference"": ""travel_proximity"", ""family"": ""travel_comfort"", ""owner"": ""session_owner"", ""information_type"": ""temporary_constraint"", ""applies_when"": ""this_trip"", ""does_not_apply_when"": ""normal_vacations"", ""temporal_validity"": ""context-dependent"", ""confidence"": 0.8, ""evidence"": [""On normal vacations, I prefer quieter hotels outside crowded centers."", ""Find a hotel as close to the venue as possible."", ""We also discussed a calendar reminder for next month.""], ""permission"": ""response_personalization"", ""profile_variant"": ""scoped""}",json,"{""preference"":""travel_proximity"",""family"":""scoped"",""profile_variant"":""scoped"",""owner"":""session_owner"",""information_type"":""temporary_constraint"",""applies_when"":""this_trip"",""does_not_apply_when"":""normal_vacations"",""temporal_validity"":""context-dependent"",""confidence"":0.8,""evidence"":[""On normal vacations, I prefer quieter hotels outside crowded centers."",""Find a hotel as close to the venue as possible."",""We also discussed a calendar reminder for next month."",""The tight schedule makes proximity important only for this trip.""], ""permission"":""response_personalization""}",travel_comfort,scoped,session_owner,temporary_constraint,context-dependent
67,education_answer_only-test-001-near-scoped,education_answer_only-test-001,education_answer_only-test-001-near,test,education_answer_only,education,scoped,near,near,"Session 1: Outside timed practice, I normally want explanations and hints.
Session 2: It is a temporary task constraint, not my general learning style.
Session 3: There was an unrelated request to rename several documents.
Session 4: Just tell me the correct answer.
Session 5: This is a timed practice round, so I need only the answer right now.
Session 6: Another message asked for a summary of a news article.
Session 7: The answer-only request is limited to speed drills.","Respond to the problem, but I have not described the learning context.",CLARIFY,answer-only assistance,user,temporary_constraint,context-dependent,"the user is in a timed drill, speed test, or explicitly requests answer-only output","the user is studying, reviewing mistakes, or asks for conceptual understanding","Is this a timed drill where you want only the answer, or a study question requiring explanation?",I will provide only the final answer.,I will explain the reasoning because the answer-only constraint does not apply here.,IGNORE,mismatch,0.0,"The query asks about the learning context, which you haven't provided any information related to that.","{""action"":""IGNORE"",""relation"":""mismatch"",""confidence"":0.0,""response"":""The query asks about the learning context, which you haven't provided any information related to that."",""reason"":""The current query doesn't relate directly to the memory's content.""}",json,"{""preference"": ""answer_only"", ""family"": ""writing_conciseness"", ""owner"": ""session_5"", ""information_type"": ""temporary_constraint"", ""applies_when"": ""timed_practice_round"", ""does_not_apply_when"": ""general_learning_style"", ""temporal_validity"": ""context-dependent"", ""confidence"": 0.8, ""evidence"": [""Just tell me the correct answer."", ""Another message asked for a summary of a news article.""], ""permission"": ""response_personalization"", ""profile_variant"": ""scoped""}",json,"{""preference"":""answer_only"",""family"":""scoped"",""profile_variant"":""scoped"",""owner"":""session_5"",""information_type"":""temporary_constraint"",""applies_when"":""timed_practice_round"",""does_not_apply_when"":""general_learning_style"",""temporal_validity"":""context-dependent"",""confidence"":0.8,""evidence"":[""Just tell me the correct answer."",""Another message asked for a summary of a news article.""], ""permission"":""response_personalization""}",writing_conciseness,scoped,session_5,temporary_constraint,context-dependent
68,writing_directness-test-006-near-scoped,writing_directness-test-006,writing_directness-test-006-near,test,writing_directness,writing,scoped,near,near,"Session 1: For emotional or conflict-sensitive conversations, I prefer gentler wording.
Session 2: It is not my general approach for every audience.
Session 3: There was an unrelated request to rename several documents.
Session 4: We also discussed the weather for an unrelated day trip.
Session 5: Remove hedging and state the request clearly.
Session 6: The direct style is limited to operational requests.
Session 7: This is an internal logistics message where speed matters.","Write the message, although I have not said whether this is a conflict.",CLARIFY,direct communication,user,contextual_preference,context-dependent,"the message concerns logistics, deadlines, or clear task assignment","the message addresses grief, conflict, rejection, or another sensitive situation","Is this a routine logistical request, or a sensitive interpersonal message?",I will state the request directly and remove unnecessary hedging.,I will use gentler wording because the earlier direct style does not fit this context.,IGNORE,mismatch,0.0,"The query indicates that you have not specified whether this is a conflict, which could affect how we handle the message.","{""action"":""IGNORE"",""relation"":""mismatch"",""confidence"":0.0,""response"":""The query indicates that you have not specified whether this is a conflict, which could affect how we handle the message."",""reason"":""The query's wording suggests ambiguity regarding the nature of the request.""}",json,"{""preference"": ""write_directness"", ""family"": ""writing_directness"", ""owner"": """", ""information_type"": ""temporary_constraint"", ""applies_when"": ""unrelated_request"", ""does_not_apply_when"": ""general_preference"", ""temporal_validity"": ""context-dependent"", ""confidence"": 0.8, ""evidence"": [""It is not my general approach for every audience."", ""This is an internal logistics message where speed matters.""], ""permission"": ""response_personalization"", ""profile_variant"": ""scoped""}",json,"```json
{
  ""preference"": ""write_directness"",
  ""family"": ""stable"",
  ""profile_variant"": ""scoped"",
  ""owner"": """",
  ""information_type"": ""temporary_constraint"",
  ""applies_when"": ""unrelated_request"",
  ""does_not_apply_when"": ""general_preference"",
  ""temporal_validity"": ""context-dependent"",
  ""confidence"": 0.8,
  ""evidence"": [
    ""It is not my general approach for every audience."",
    ""This is an internal logistics message where speed matters.""
  ],
  ""permission"": ""response_personalization""
}
```",writing_directness,scoped,,temporary_constraint,context-dependent
69,writing_directness-test-009-near-scoped,writing_directness-test-009,writing_directness-test-009-near,test,writing_directness,writing,scoped,near,near,"Session 1: For emotional or conflict-sensitive conversations, I prefer gentler wording.
Session 2: Another short conversation concerned a book recommendation.
Session 3: The direct style is limited to operational requests.
Session 4: A different session was about fixing a small Python error.
Session 5: This is an internal logistics message where speed matters.
Session 6: Please make the message very direct.
Session 7: It is not my general approach for every audience.","Write the message, although I have not said whether this is a conflict.",CLARIFY,direct communication,user,contextual_preference,context-dependent,"the message concerns logistics, deadlines, or clear task assignment","the message addresses grief, conflict, rejection, or another sensitive situation","Is this a routine logistical request, or a sensitive interpersonal message?",I will state the request directly and remove unnecessary hedging.,I will use gentler wording because the earlier direct style does not fit this context.,IGNORE,mismatch,0.0,"The query suggests writing the message directly, even though you haven't specified if there's a conflict. This doesn't necessarily mean we should ignore your preference for directness.","{""action"":""IGNORE"",""relation"":""mismatch"",""confidence"":0.0,""response"":""The query suggests writing the message directly, even though you haven't specified if there's a conflict. This doesn't necessarily mean we should ignore your preference for directness."",""reason"":""The query indicates a need for clarity on whether there's a conflict, which which isn't addressed by simply ignoring the preference.""}",json,"{""preference"": ""write_directness"", ""family"": ""writing_directness"", ""owner"": ""internal_logistics_message"", ""information_type"": ""temporary_constraint"", ""applies_when"": ""speed_matters"", ""does_not_apply_when"": ""general_approach_for_every_audience"", ""temporal_validity"": ""context-dependent"", ""confidence"": 0.8, ""evidence"": [""Please make the message very direct.""], ""permission"": ""response_personalization"", ""profile_variant"": ""scoped""}",json,"{""preference"":""write_directness"",""family"":""scoped"",""profile_variant"":""scoped"",""owner"":""internal_logistics_message"",""information_type"":""temporary_constraint"",""applies_when"":""speed_matters"",""does_not_apply_when"":""general_approach_for_every_audience"",""temporal_validity"":""context-dependent"",""confidence"":0.8,""evidence"":[""Please make the message very direct.""], ""permission"":""response_personalization""}",writing_directness,scoped,internal_logistics_message,temporary_constraint,context-dependent
70,travel_comfort-test-015-near-scoped,travel_comfort-test-015,travel_comfort-test-015-near,test,travel_comfort,travel,scoped,near,near,"Session 1: Extra comfort is medically useful during this recovery period.
Session 2: This comfort requirement is temporary, not a universal preference.
Session 3: There was a separate exchange about organizing files on a laptop.
Session 4: Prioritize comfort over saving a small amount of money.
Session 5: I am recovering from a temporary back injury.
Session 6: We also discussed the weather for an unrelated day trip.
Session 7: After recovery, I usually accept basic low-cost travel.","Recommend travel, but it is unclear whether I still need accessibility support.",CLARIFY,high-comfort travel,user,temporary_state,context-dependent,"the user is currently injured, physically exhausted, or needs accessibility support",the user has recovered and is planning a routine low-cost trip,Do you still need extra comfort or accessibility support for this trip?,"I will prioritize comfort, accessibility, and a low-strain itinerary.",I will not assume the temporary comfort requirement still applies.,IGNORE,unknown,0.0,The information provided is insufficient to determine if the user needs accessibility support.,"{""action"":""IGNORE"",""relation"":""unknown"",""confidence"":0.0,""response"":""The information provided is insufficient to determine if the user needs accessibility support."",""reason"":""A material fact needed to distinguish APPLY from IGNORE is genuinely missing.""}",json,"{""preference"": ""travel_comfort"", ""family"": ""travel_comfort"", ""owner"": ""session_5"", ""information_type"": ""temporary_constraint"", ""applies_when"": ""Session 5"", ""does_not_apply_when"": ""Session 1, Session 2, Session 3, Session 4, Session 6, Session 7"", ""temporal_validity"": ""context-dependent"", ""confidence"": 0.9, ""evidence"": [""There was a separate exchange about organizing files on a laptop."", ""After recovery, I usually accept basic low-cost travel.""], ""permission"": ""response_personalization"", ""profile_variant"": ""scoped""}",json,"{""preference"":""travel_comfort"",""family"":""scoped"",""profile_variant"":""scoped"",""owner"":""session_5"",""information_type"":""temporary_constraint"",""applies_when"":""Session 5"",""does_not_apply_when"":""Session 1, Session 2, Session 3, Session 4, Session 6, Session 7"",""temporal_validity"":""context-dependent"",""confidence"":0.9,""evidence"":[""There was a separate exchange about organizing files on a laptop."",""After recovery, I usually accept basic low-cost travel.""],""permission"":""response_personalization""}",travel_comfort,scoped,session_5,temporary_constraint,context-dependent
71,travel_comfort-test-011-outside-scoped,travel_comfort-test-011,travel_comfort-test-011-outside,test,travel_comfort,travel,scoped,outside,outside,"Session 1: Extra comfort is medically useful during this recovery period.
Session 2: After recovery, I usually accept basic low-cost travel.
Session 3: I am recovering from a temporary back injury.
Session 4: Another short conversation concerned a book recommendation.
Session 5: There was a separate exchange about organizing files on a laptop.
Session 6: Prioritize comfort over saving a small amount of money.
Session 7: This comfort requirement is temporary, not a universal preference.","Recovery is complete, so basic transportation is fine now.",IGNORE,high-comfort travel,user,temporary_state,context-dependent,"the user is currently injured, physically exhausted, or needs accessibility support",the user has recovered and is planning a routine low-cost trip,Do you still need extra comfort or accessibility support for this trip?,"I will prioritize comfort, accessibility, and a low-strain itinerary.",I will not assume the temporary comfort requirement still applies.,IGNORE,mismatch,0.0,"The query indicates that recovery is complete, which suggests that basic transportation should no longer be considered as a priority. Therefore, this scenario does not align with the previous preferences related to travel comfort.","{""action"":""IGNORE"",""relation"":""mismatch"",""confidence"":0.0,""response"":""The query indicates that recovery is complete, which suggests that basic transportation should no longer be considered as a priority. Therefore, this scenario does not align with the previous preferences related to travel comfort."",""reason"":""The evidence provided in the memory indicates that the user's preferences regarding travel comfort were temporarily altered due to a specific context (recovering from a back injury). Since the current query reflects a change in circumstances (recovery being complete), it does not apply to the previously established preference.""}",json,"{""preference"": ""travel_comfort"", ""family"": ""travel_comfort"", ""owner"": """", ""information_type"": ""temporary_constraint"", ""applies_when"": ""session_3"", ""does_not_apply_when"": ""all_other_sessions"", ""temporal_validity"": ""context-dependent"", ""confidence"": 0.8, ""evidence"": [""Session 3: I am recovering from a temporary back injury."", ""Session 6: Prioritize comfort over saving a small amount of money."", ""Session 7: This comfort requirement is temporary, not a universal preference.""], ""permission"": ""response_personalization"", ""profile_variant"": ""scoped""}",json,"```json
{
  ""preference"": ""travel_comfort"",
  ""family"": ""scoped"",
  ""profile_variant"": ""scoped"",
  ""owner"": """",
  ""information_type"": ""temporary_constraint"",
  ""applies_when"": ""session_3"",
  ""does_not_apply_when"": ""all_other_sessions"",
  ""temporal_validity"": ""context-dependent"",
  ""confidence"": 0.8,
  ""evidence"": [
    ""Session 3: I am recovering from a temporary back injury."",
    ""Session 6: Prioritize comfort over saving a small amount of money."",
    ""Session 7: This comfort requirement is temporary, not a universal preference.""
  ],
  ""permission"": ""response_personalization""
}
```",travel_comfort,scoped,,temporary_constraint,context-dependent
